County Name,Date of Death,New Deaths,7-day Average New Deaths,Total Deaths,2019 Population ,New Deaths Rate,7-day Average New Death Rate,Total Death Rate,County FIPS Code,Longitude,Latitude,Georeferenced Latitude & Longitude
Allegheny,06/13/2021,0,1.4,2024,1216045,0,0.12,166.44,42003,-79.98619843,40.46735543,POINT (-79.98619843 40.46735543)
Allegheny,08/05/2021,2,0.7,2045,1216045,0.16,0.06,168.17,42003,-79.98619843,40.46735543,POINT (-79.98619843 40.46735543)
Allegheny,07/30/2021,0,0.3,2040,1216045,0,0.02,167.76,42003,-79.98619843,40.46735543,POINT (-79.98619843 40.46735543)
Allegheny,06/14/2021,1,1.1,2025,1216045,0.08,0.09,166.52,42003,-79.98619843,40.46735543,POINT (-79.98619843 40.46735543)
Allegheny,07/08/2021,1,0.4,2033,1216045,0.08,0.04,167.18,42003,-79.98619843,40.46735543,POINT (-79.98619843 40.46735543)
Allegheny,04/14/2021,4,3.3,1901,1216045,0.33,0.27,156.33,42003,-79.98619843,40.46735543,POINT (-79.98619843 40.46735543)
Allegheny,06/17/2021,0,0.6,2026,1216045,0,0.05,166.61,42003,-79.98619843,40.46735543,POINT (-79.98619843 40.46735543)
Allegheny,08/11/2021,1,2,2057,1216045,0.08,0.16,169.15,42003,-79.98619843,40.46735543,POINT (-79.98619843 40.46735543)
Allegheny,06/23/2021,0,0.3,2028,1216045,0,0.02,166.77,42003,-79.98619843,40.46735543,POINT (-79.98619843 40.46735543)
Allegheny,06/24/2021,0,0.3,2028,1216045,0,0.02,166.77,42003,-79.98619843,40.46735543,POINT (-79.98619843 40.46735543)
Allegheny,07/25/2021,0,0.4,2039,1216045,0,0.04,167.67,42003,-79.98619843,40.46735543,POINT (-79.98619843 40.46735543)
Allegheny,04/21/2021,4,2.4,1918,1216045,0.33,0.2,157.72,42003,-79.98619843,40.46735543,POINT (-79.98619843 40.46735543)
Allegheny,07/27/2021,0,0.3,2039,1216045,0,0.02,167.67,42003,-79.98619843,40.46735543,POINT (-79.98619843 40.46735543)
Allegheny,04/28/2021,4,2.4,1935,1216045,0.33,0.2,159.12,42003,-79.98619843,40.46735543,POINT (-79.98619843 40.46735543)
Allegheny,04/30/2021,6,3,1943,1216045,0.49,0.25,159.78,42003,-79.98619843,40.46735543,POINT (-79.98619843 40.46735543)
Allegheny,08/26/2021,1,1.6,2080,1216045,0.08,0.13,171.05,42003,-79.98619843,40.46735543,POINT (-79.98619843 40.46735543)
Allegheny,04/11/2021,1,2.9,1889,1216045,0.08,0.23,155.34,42003,-79.98619843,40.46735543,POINT (-79.98619843 40.46735543)
Allegheny,08/02/2021,0,0.1,2040,1216045,0,0.01,167.76,42003,-79.98619843,40.46735543,POINT (-79.98619843 40.46735543)
Allegheny,08/18/2021,2,1.3,2066,1216045,0.16,0.11,169.9,42003,-79.98619843,40.46735543,POINT (-79.98619843 40.46735543)
Allegheny,05/28/2021,1,1.3,2003,1216045,0.08,0.11,164.71,42003,-79.98619843,40.46735543,POINT (-79.98619843 40.46735543)
Allegheny,07/14/2021,0,0.6,2036,1216045,0,0.05,167.43,42003,-79.98619843,40.46735543,POINT (-79.98619843 40.46735543)
Allegheny,08/21/2021,1,1.7,2073,1216045,0.08,0.14,170.47,42003,-79.98619843,40.46735543,POINT (-79.98619843 40.46735543)
Allegheny,08/23/2021,1,1.6,2075,1216045,0.08,0.13,170.64,42003,-79.98619843,40.46735543,POINT (-79.98619843 40.46735543)
Allegheny,07/18/2021,0,0.1,2036,1216045,0,0.01,167.43,42003,-79.98619843,40.46735543,POINT (-79.98619843 40.46735543)
Allegheny,06/30/2021,0,0.3,2030,1216045,0,0.02,166.93,42003,-79.98619843,40.46735543,POINT (-79.98619843 40.46735543)
Allegheny,07/04/2021,0,0.1,2031,1216045,0,0.01,167.02,42003,-79.98619843,40.46735543,POINT (-79.98619843 40.46735543)
Allegheny,05/27/2021,2,1.6,2002,1216045,0.16,0.13,164.63,42003,-79.98619843,40.46735543,POINT (-79.98619843 40.46735543)
Allegheny,07/01/2021,0,0.3,2030,1216045,0,0.02,166.93,42003,-79.98619843,40.46735543,POINT (-79.98619843 40.46735543)
Allegheny,06/10/2021,1,1.7,2022,1216045,0.08,0.14,166.28,42003,-79.98619843,40.46735543,POINT (-79.98619843 40.46735543)
Allegheny,09/04/2021,4,3,2108,1216045,0.33,0.25,173.35,42003,-79.98619843,40.46735543,POINT (-79.98619843 40.46735543)
Allegheny,06/11/2021,2,2,2024,1216045,0.16,0.16,166.44,42003,-79.98619843,40.46735543,POINT (-79.98619843 40.46735543)
Allegheny,05/16/2021,0,1.9,1979,1216045,0,0.15,162.74,42003,-79.98619843,40.46735543,POINT (-79.98619843 40.46735543)
Allegheny,08/20/2021,3,1.6,2072,1216045,0.25,0.13,170.39,42003,-79.98619843,40.46735543,POINT (-79.98619843 40.46735543)
Allegheny,06/22/2021,0,0.4,2028,1216045,0,0.04,166.77,42003,-79.98619843,40.46735543,POINT (-79.98619843 40.46735543)
Allegheny,06/07/2021,3,1.4,2017,1216045,0.25,0.12,165.87,42003,-79.98619843,40.46735543,POINT (-79.98619843 40.46735543)
Allegheny,04/05/2021,0,2.6,1869,1216045,0,0.21,153.69,42003,-79.98619843,40.46735543,POINT (-79.98619843 40.46735543)
Allegheny,07/22/2021,0,0.1,2037,1216045,0,0.01,167.51,42003,-79.98619843,40.46735543,POINT (-79.98619843 40.46735543)
Allegheny,07/31/2021,0,0.1,2040,1216045,0,0.01,167.76,42003,-79.98619843,40.46735543,POINT (-79.98619843 40.46735543)
Allegheny,04/17/2021,3,2.9,1908,1216045,0.25,0.23,156.9,42003,-79.98619843,40.46735543,POINT (-79.98619843 40.46735543)
Allegheny,06/25/2021,1,0.3,2029,1216045,0.08,0.02,166.85,42003,-79.98619843,40.46735543,POINT (-79.98619843 40.46735543)
Allegheny,06/27/2021,1,0.4,2030,1216045,0.08,0.04,166.93,42003,-79.98619843,40.46735543,POINT (-79.98619843 40.46735543)
Allegheny,07/10/2021,1,0.4,2034,1216045,0.08,0.04,167.26,42003,-79.98619843,40.46735543,POINT (-79.98619843 40.46735543)
Allegheny,06/19/2021,0,0.4,2027,1216045,0,0.04,166.69,42003,-79.98619843,40.46735543,POINT (-79.98619843 40.46735543)
Allegheny,06/20/2021,0,0.4,2027,1216045,0,0.04,166.69,42003,-79.98619843,40.46735543,POINT (-79.98619843 40.46735543)
Allegheny,07/12/2021,1,0.7,2036,1216045,0.08,0.06,167.43,42003,-79.98619843,40.46735543,POINT (-79.98619843 40.46735543)
Allegheny,04/06/2021,4,2.9,1873,1216045,0.33,0.23,154.02,42003,-79.98619843,40.46735543,POINT (-79.98619843 40.46735543)
Allegheny,04/13/2021,3,3.4,1897,1216045,0.25,0.28,156,42003,-79.98619843,40.46735543,POINT (-79.98619843 40.46735543)
Allegheny,06/29/2021,0,0.3,2030,1216045,0,0.02,166.93,42003,-79.98619843,40.46735543,POINT (-79.98619843 40.46735543)
Allegheny,09/01/2021,2,3.1,2101,1216045,0.16,0.26,172.77,42003,-79.98619843,40.46735543,POINT (-79.98619843 40.46735543)
Allegheny,08/13/2021,3,2.1,2061,1216045,0.25,0.18,169.48,42003,-79.98619843,40.46735543,POINT (-79.98619843 40.46735543)
Allegheny,07/09/2021,0,0.3,2033,1216045,0,0.02,167.18,42003,-79.98619843,40.46735543,POINT (-79.98619843 40.46735543)
Allegheny,06/01/2021,0,1,2007,1216045,0,0.08,165.04,42003,-79.98619843,40.46735543,POINT (-79.98619843 40.46735543)
Allegheny,07/02/2021,1,0.3,2031,1216045,0.08,0.02,167.02,42003,-79.98619843,40.46735543,POINT (-79.98619843 40.46735543)
Allegheny,05/18/2021,2,1.9,1983,1216045,0.16,0.15,163.07,42003,-79.98619843,40.46735543,POINT (-79.98619843 40.46735543)
Allegheny,05/15/2021,1,2.3,1979,1216045,0.08,0.19,162.74,42003,-79.98619843,40.46735543,POINT (-79.98619843 40.46735543)
Allegheny,07/16/2021,0,0.4,2036,1216045,0,0.04,167.43,42003,-79.98619843,40.46735543,POINT (-79.98619843 40.46735543)
Allegheny,08/27/2021,2,1.4,2082,1216045,0.16,0.12,171.21,42003,-79.98619843,40.46735543,POINT (-79.98619843 40.46735543)
Allegheny,05/13/2021,2,2.3,1977,1216045,0.16,0.19,162.58,42003,-79.98619843,40.46735543,POINT (-79.98619843 40.46735543)
Allegheny,04/03/2021,4,3.1,1868,1216045,0.33,0.26,153.61,42003,-79.98619843,40.46735543,POINT (-79.98619843 40.46735543)
Allegheny,07/07/2021,1,0.3,2032,1216045,0.08,0.02,167.1,42003,-79.98619843,40.46735543,POINT (-79.98619843 40.46735543)
Allegheny,04/27/2021,2,2.4,1931,1216045,0.16,0.2,158.79,42003,-79.98619843,40.46735543,POINT (-79.98619843 40.46735543)
Allegheny,05/22/2021,3,2.6,1997,1216045,0.25,0.21,164.22,42003,-79.98619843,40.46735543,POINT (-79.98619843 40.46735543)
Allegheny,04/23/2021,2,2.4,1922,1216045,0.16,0.2,158.05,42003,-79.98619843,40.46735543,POINT (-79.98619843 40.46735543)
Allegheny,07/21/2021,0,0.1,2037,1216045,0,0.01,167.51,42003,-79.98619843,40.46735543,POINT (-79.98619843 40.46735543)
Allegheny,06/06/2021,2,1.4,2014,1216045,0.16,0.12,165.62,42003,-79.98619843,40.46735543,POINT (-79.98619843 40.46735543)
Allegheny,06/09/2021,2,1.9,2021,1216045,0.16,0.15,166.19,42003,-79.98619843,40.46735543,POINT (-79.98619843 40.46735543)
Allegheny,07/13/2021,0,0.7,2036,1216045,0,0.06,167.43,42003,-79.98619843,40.46735543,POINT (-79.98619843 40.46735543)
Allegheny,06/15/2021,0,0.9,2025,1216045,0,0.07,166.52,42003,-79.98619843,40.46735543,POINT (-79.98619843 40.46735543)
Allegheny,07/15/2021,0,0.4,2036,1216045,0,0.04,167.43,42003,-79.98619843,40.46735543,POINT (-79.98619843 40.46735543)
Allegheny,05/07/2021,0,2.6,1961,1216045,0,0.21,161.26,42003,-79.98619843,40.46735543,POINT (-79.98619843 40.46735543)
Allegheny,05/02/2021,1,3.4,1951,1216045,0.08,0.28,160.44,42003,-79.98619843,40.46735543,POINT (-79.98619843 40.46735543)
Allegheny,08/30/2021,3,2.3,2091,1216045,0.25,0.19,171.95,42003,-79.98619843,40.46735543,POINT (-79.98619843 40.46735543)
Allegheny,06/12/2021,0,1.7,2024,1216045,0,0.14,166.44,42003,-79.98619843,40.46735543,POINT (-79.98619843 40.46735543)
Allegheny,05/03/2021,1,3.3,1952,1216045,0.08,0.27,160.52,42003,-79.98619843,40.46735543,POINT (-79.98619843 40.46735543)
Allegheny,08/04/2021,2,0.6,2043,1216045,0.16,0.05,168,42003,-79.98619843,40.46735543,POINT (-79.98619843 40.46735543)
Allegheny,07/03/2021,0,0.3,2031,1216045,0,0.02,167.02,42003,-79.98619843,40.46735543,POINT (-79.98619843 40.46735543)
Allegheny,04/24/2021,3,2.4,1925,1216045,0.25,0.2,158.3,42003,-79.98619843,40.46735543,POINT (-79.98619843 40.46735543)
Allegheny,07/28/2021,0,0.3,2039,1216045,0,0.02,167.67,42003,-79.98619843,40.46735543,POINT (-79.98619843 40.46735543)
Allegheny,04/20/2021,3,2.4,1914,1216045,0.25,0.2,157.4,42003,-79.98619843,40.46735543,POINT (-79.98619843 40.46735543)
Allegheny,04/02/2021,3,3.1,1864,1216045,0.25,0.26,153.28,42003,-79.98619843,40.46735543,POINT (-79.98619843 40.46735543)
Allegheny,08/24/2021,1,1.7,2076,1216045,0.08,0.14,170.72,42003,-79.98619843,40.46735543,POINT (-79.98619843 40.46735543)
Allegheny,04/19/2021,2,2.4,1911,1216045,0.16,0.2,157.15,42003,-79.98619843,40.46735543,POINT (-79.98619843 40.46735543)
Allegheny,05/01/2021,7,3.6,1950,1216045,0.58,0.29,160.36,42003,-79.98619843,40.46735543,POINT (-79.98619843 40.46735543)
Allegheny,05/04/2021,2,3.3,1954,1216045,0.16,0.27,160.68,42003,-79.98619843,40.46735543,POINT (-79.98619843 40.46735543)
Allegheny,04/04/2021,1,2.7,1869,1216045,0.08,0.22,153.69,42003,-79.98619843,40.46735543,POINT (-79.98619843 40.46735543)
Allegheny,05/26/2021,0,1.6,2000,1216045,0,0.13,164.47,42003,-79.98619843,40.46735543,POINT (-79.98619843 40.46735543)
Allegheny,06/04/2021,0,1,2010,1216045,0,0.08,165.29,42003,-79.98619843,40.46735543,POINT (-79.98619843 40.46735543)
Allegheny,08/01/2021,0,0.1,2040,1216045,0,0.01,167.76,42003,-79.98619843,40.46735543,POINT (-79.98619843 40.46735543)
Allegheny,06/26/2021,0,0.3,2029,1216045,0,0.02,166.85,42003,-79.98619843,40.46735543,POINT (-79.98619843 40.46735543)
Allegheny,08/12/2021,1,1.9,2058,1216045,0.08,0.15,169.24,42003,-79.98619843,40.46735543,POINT (-79.98619843 40.46735543)
Allegheny,05/11/2021,2,2.3,1970,1216045,0.16,0.19,162,42003,-79.98619843,40.46735543,POINT (-79.98619843 40.46735543)
Allegheny,04/22/2021,2,2.7,1920,1216045,0.16,0.22,157.89,42003,-79.98619843,40.46735543,POINT (-79.98619843 40.46735543)
Allegheny,07/24/2021,1,0.4,2039,1216045,0.08,0.04,167.67,42003,-79.98619843,40.46735543,POINT (-79.98619843 40.46735543)
Allegheny,08/08/2021,2,1.4,2050,1216045,0.16,0.12,168.58,42003,-79.98619843,40.46735543,POINT (-79.98619843 40.46735543)
Allegheny,07/19/2021,0,0,2036,1216045,0,0,167.43,42003,-79.98619843,40.46735543,POINT (-79.98619843 40.46735543)
Allegheny,06/05/2021,2,1.1,2012,1216045,0.16,0.09,165.45,42003,-79.98619843,40.46735543,POINT (-79.98619843 40.46735543)
Allegheny,07/23/2021,1,0.3,2038,1216045,0.08,0.02,167.59,42003,-79.98619843,40.46735543,POINT (-79.98619843 40.46735543)
Allegheny,04/26/2021,2,2.6,1929,1216045,0.16,0.21,158.63,42003,-79.98619843,40.46735543,POINT (-79.98619843 40.46735543)
Allegheny,06/18/2021,1,0.4,2027,1216045,0.08,0.04,166.69,42003,-79.98619843,40.46735543,POINT (-79.98619843 40.46735543)
Allegheny,08/14/2021,0,1.9,2061,1216045,0,0.15,169.48,42003,-79.98619843,40.46735543,POINT (-79.98619843 40.46735543)
Allegheny,05/19/2021,6,2,1989,1216045,0.49,0.16,163.56,42003,-79.98619843,40.46735543,POINT (-79.98619843 40.46735543)
Allegheny,08/17/2021,0,1.1,2064,1216045,0,0.09,169.73,42003,-79.98619843,40.46735543,POINT (-79.98619843 40.46735543)
Allegheny,09/03/2021,0,3.1,2104,1216045,0,0.26,173.02,42003,-79.98619843,40.46735543,POINT (-79.98619843 40.46735543)
Allegheny,08/06/2021,1,0.9,2046,1216045,0.08,0.07,168.25,42003,-79.98619843,40.46735543,POINT (-79.98619843 40.46735543)
Allegheny,06/03/2021,2,1.1,2010,1216045,0.16,0.09,165.29,42003,-79.98619843,40.46735543,POINT (-79.98619843 40.46735543)
Allegheny,04/15/2021,0,2.7,1901,1216045,0,0.22,156.33,42003,-79.98619843,40.46735543,POINT (-79.98619843 40.46735543)
Allegheny,05/14/2021,1,2.4,1978,1216045,0.08,0.2,162.66,42003,-79.98619843,40.46735543,POINT (-79.98619843 40.46735543)
Allegheny,09/02/2021,3,3.4,2104,1216045,0.25,0.28,173.02,42003,-79.98619843,40.46735543,POINT (-79.98619843 40.46735543)
Allegheny,06/02/2021,1,1.1,2008,1216045,0.08,0.09,165.13,42003,-79.98619843,40.46735543,POINT (-79.98619843 40.46735543)
Allegheny,05/17/2021,2,1.9,1981,1216045,0.16,0.15,162.91,42003,-79.98619843,40.46735543,POINT (-79.98619843 40.46735543)
Allegheny,05/31/2021,3,1,2007,1216045,0.25,0.08,165.04,42003,-79.98619843,40.46735543,POINT (-79.98619843 40.46735543)
Allegheny,04/18/2021,1,2.9,1909,1216045,0.08,0.23,156.98,42003,-79.98619843,40.46735543,POINT (-79.98619843 40.46735543)
Allegheny,05/29/2021,1,1,2004,1216045,0.08,0.08,164.8,42003,-79.98619843,40.46735543,POINT (-79.98619843 40.46735543)
Allegheny,07/20/2021,1,0.1,2037,1216045,0.08,0.01,167.51,42003,-79.98619843,40.46735543,POINT (-79.98619843 40.46735543)
Allegheny,05/09/2021,3,2.1,1966,1216045,0.25,0.18,161.67,42003,-79.98619843,40.46735543,POINT (-79.98619843 40.46735543)
Allegheny,05/12/2021,5,2.3,1975,1216045,0.41,0.19,162.41,42003,-79.98619843,40.46735543,POINT (-79.98619843 40.46735543)
Allegheny,08/16/2021,2,1.6,2064,1216045,0.16,0.13,169.73,42003,-79.98619843,40.46735543,POINT (-79.98619843 40.46735543)
Allegheny,04/12/2021,5,3.6,1894,1216045,0.41,0.29,155.75,42003,-79.98619843,40.46735543,POINT (-79.98619843 40.46735543)
Allegheny,08/25/2021,3,1.9,2079,1216045,0.25,0.15,170.96,42003,-79.98619843,40.46735543,POINT (-79.98619843 40.46735543)
Allegheny,08/10/2021,3,2.1,2056,1216045,0.25,0.18,169.07,42003,-79.98619843,40.46735543,POINT (-79.98619843 40.46735543)
Allegheny,04/07/2021,5,2.9,1878,1216045,0.41,0.23,154.44,42003,-79.98619843,40.46735543,POINT (-79.98619843 40.46735543)
Allegheny,07/17/2021,0,0.3,2036,1216045,0,0.02,167.43,42003,-79.98619843,40.46735543,POINT (-79.98619843 40.46735543)
Allegheny,08/19/2021,3,1.6,2069,1216045,0.25,0.13,170.14,42003,-79.98619843,40.46735543,POINT (-79.98619843 40.46735543)
Allegheny,05/06/2021,2,3.4,1961,1216045,0.16,0.28,161.26,42003,-79.98619843,40.46735543,POINT (-79.98619843 40.46735543)
Allegheny,05/20/2021,2,2,1991,1216045,0.16,0.16,163.73,42003,-79.98619843,40.46735543,POINT (-79.98619843 40.46735543)
Allegheny,07/05/2021,0,0.1,2031,1216045,0,0.01,167.02,42003,-79.98619843,40.46735543,POINT (-79.98619843 40.46735543)
Allegheny,05/21/2021,3,2.3,1994,1216045,0.25,0.19,163.97,42003,-79.98619843,40.46735543,POINT (-79.98619843 40.46735543)
Allegheny,09/11/2021,3,3.6,2133,1216045,0.25,0.29,175.4,42003,-79.98619843,40.46735543,POINT (-79.98619843 40.46735543)
Allegheny,09/29/2021,5,4.6,2201,1216045,0.41,0.38,181,42003,-79.98619843,40.46735543,POINT (-79.98619843 40.46735543)
Allegheny,09/08/2021,3,2.4,2118,1216045,0.25,0.2,174.17,42003,-79.98619843,40.46735543,POINT (-79.98619843 40.46735543)
Allegheny,09/10/2021,7,3.7,2130,1216045,0.58,0.31,175.16,42003,-79.98619843,40.46735543,POINT (-79.98619843 40.46735543)
Allegheny,09/27/2021,5,4.7,2192,1216045,0.41,0.39,180.26,42003,-79.98619843,40.46735543,POINT (-79.98619843 40.46735543)
Allegheny,09/21/2021,8,3.4,2167,1216045,0.66,0.28,178.2,42003,-79.98619843,40.46735543,POINT (-79.98619843 40.46735543)
Allegheny,04/10/2021,2,2.9,1888,1216045,0.16,0.23,155.26,42003,-79.98619843,40.46735543,POINT (-79.98619843 40.46735543)
Allegheny,09/28/2021,4,4.1,2196,1216045,0.33,0.34,180.59,42003,-79.98619843,40.46735543,POINT (-79.98619843 40.46735543)
Allegheny,09/07/2021,3,2.3,2115,1216045,0.25,0.19,173.92,42003,-79.98619843,40.46735543,POINT (-79.98619843 40.46735543)
Allegheny,09/26/2021,2,4.3,2187,1216045,0.16,0.35,179.85,42003,-79.98619843,40.46735543,POINT (-79.98619843 40.46735543)
Allegheny,09/18/2021,8,3.1,2155,1216045,0.66,0.26,177.21,42003,-79.98619843,40.46735543,POINT (-79.98619843 40.46735543)
Allegheny,09/20/2021,2,2.4,2159,1216045,0.16,0.2,177.54,42003,-79.98619843,40.46735543,POINT (-79.98619843 40.46735543)
Allegheny,09/13/2021,4,4.3,2142,1216045,0.33,0.35,176.14,42003,-79.98619843,40.46735543,POINT (-79.98619843 40.46735543)
Allegheny,09/19/2021,2,2.7,2157,1216045,0.16,0.22,177.38,42003,-79.98619843,40.46735543,POINT (-79.98619843 40.46735543)
Allegheny,09/30/2021,5,4.7,2206,1216045,0.41,0.39,181.41,42003,-79.98619843,40.46735543,POINT (-79.98619843 40.46735543)
Allegheny,09/14/2021,1,4,2143,1216045,0.08,0.33,176.23,42003,-79.98619843,40.46735543,POINT (-79.98619843 40.46735543)
Allegheny,09/22/2021,2,3.6,2169,1216045,0.16,0.29,178.37,42003,-79.98619843,40.46735543,POINT (-79.98619843 40.46735543)
Allegheny,09/09/2021,5,2.7,2123,1216045,0.41,0.22,174.58,42003,-79.98619843,40.46735543,POINT (-79.98619843 40.46735543)
Allegheny,09/16/2021,2,3.3,2146,1216045,0.16,0.27,176.47,42003,-79.98619843,40.46735543,POINT (-79.98619843 40.46735543)
Allegheny,10/03/2021,6,5.9,2228,1216045,0.49,0.48,183.22,42003,-79.98619843,40.46735543,POINT (-79.98619843 40.46735543)
Allegheny,09/24/2021,4,4.3,2177,1216045,0.33,0.35,179.02,42003,-79.98619843,40.46735543,POINT (-79.98619843 40.46735543)
Allegheny,09/17/2021,1,2.4,2147,1216045,0.08,0.2,176.56,42003,-79.98619843,40.46735543,POINT (-79.98619843 40.46735543)
Allegheny,09/23/2021,4,3.9,2173,1216045,0.33,0.32,178.69,42003,-79.98619843,40.46735543,POINT (-79.98619843 40.46735543)
Allegheny,09/15/2021,1,3.7,2144,1216045,0.08,0.31,176.31,42003,-79.98619843,40.46735543,POINT (-79.98619843 40.46735543)
Allegheny,09/06/2021,1,3,2112,1216045,0.08,0.25,173.68,42003,-79.98619843,40.46735543,POINT (-79.98619843 40.46735543)
Allegheny,09/12/2021,5,3.9,2138,1216045,0.41,0.32,175.82,42003,-79.98619843,40.46735543,POINT (-79.98619843 40.46735543)
Allegheny,10/02/2021,7,5.3,2222,1216045,0.58,0.43,182.72,42003,-79.98619843,40.46735543,POINT (-79.98619843 40.46735543)
Allegheny,09/25/2021,8,4.3,2185,1216045,0.66,0.35,179.68,42003,-79.98619843,40.46735543,POINT (-79.98619843 40.46735543)
Allegheny,10/01/2021,9,5.4,2215,1216045,0.74,0.45,182.15,42003,-79.98619843,40.46735543,POINT (-79.98619843 40.46735543)
Allegheny,10/11/2021,3,6,2276,1216045,0.25,0.49,187.16,42003,-79.98619843,40.46735543,POINT (-79.98619843 40.46735543)
Allegheny,10/08/2021,5,6.4,2260,1216045,0.41,0.53,185.85,42003,-79.98619843,40.46735543,POINT (-79.98619843 40.46735543)
Allegheny,07/11/2021,1,0.6,2035,1216045,0.08,0.05,167.35,42003,-79.98619843,40.46735543,POINT (-79.98619843 40.46735543)
Allegheny,08/28/2021,5,2,2087,1216045,0.41,0.16,171.62,42003,-79.98619843,40.46735543,POINT (-79.98619843 40.46735543)
Allegheny,07/29/2021,1,0.4,2040,1216045,0.08,0.04,167.76,42003,-79.98619843,40.46735543,POINT (-79.98619843 40.46735543)
Allegheny,10/13/2021,10,6,2292,1216045,0.82,0.49,188.48,42003,-79.98619843,40.46735543,POINT (-79.98619843 40.46735543)
Allegheny,10/07/2021,5,7,2255,1216045,0.41,0.58,185.44,42003,-79.98619843,40.46735543,POINT (-79.98619843 40.46735543)
Allegheny,10/05/2021,6,6.3,2240,1216045,0.49,0.52,184.2,42003,-79.98619843,40.46735543,POINT (-79.98619843 40.46735543)
Allegheny,10/12/2021,6,6,2282,1216045,0.49,0.49,187.66,42003,-79.98619843,40.46735543,POINT (-79.98619843 40.46735543)
Allegheny,10/10/2021,5,6.4,2273,1216045,0.41,0.53,186.92,42003,-79.98619843,40.46735543,POINT (-79.98619843 40.46735543)
Allegheny,10/04/2021,6,6,2234,1216045,0.49,0.49,183.71,42003,-79.98619843,40.46735543,POINT (-79.98619843 40.46735543)
Allegheny,10/06/2021,10,7,2250,1216045,0.82,0.58,185.03,42003,-79.98619843,40.46735543,POINT (-79.98619843 40.46735543)
Allegheny,10/09/2021,8,6.6,2268,1216045,0.66,0.54,186.51,42003,-79.98619843,40.46735543,POINT (-79.98619843 40.46735543)
Allegheny,08/09/2021,3,1.9,2053,1216045,0.25,0.15,168.83,42003,-79.98619843,40.46735543,POINT (-79.98619843 40.46735543)
Allegheny,10/14/2021,6,6.1,2298,1216045,0.49,0.51,188.97,42003,-79.98619843,40.46735543,POINT (-79.98619843 40.46735543)
Allegheny,10/23/2021,6,5.1,2345,1216045,0.49,0.42,192.84,42003,-79.98619843,40.46735543,POINT (-79.98619843 40.46735543)
Allegheny,10/20/2021,4,5.3,2329,1216045,0.33,0.43,191.52,42003,-79.98619843,40.46735543,POINT (-79.98619843 40.46735543)
Allegheny,10/15/2021,5,6.1,2303,1216045,0.41,0.51,189.38,42003,-79.98619843,40.46735543,POINT (-79.98619843 40.46735543)
Allegheny,10/16/2021,6,5.9,2309,1216045,0.49,0.48,189.88,42003,-79.98619843,40.46735543,POINT (-79.98619843 40.46735543)
Allegheny,10/18/2021,2,5.9,2317,1216045,0.16,0.48,190.54,42003,-79.98619843,40.46735543,POINT (-79.98619843 40.46735543)
Allegheny,10/24/2021,6,5.1,2351,1216045,0.49,0.42,193.33,42003,-79.98619843,40.46735543,POINT (-79.98619843 40.46735543)
Allegheny,10/17/2021,6,6,2315,1216045,0.49,0.49,190.37,42003,-79.98619843,40.46735543,POINT (-79.98619843 40.46735543)
Allegheny,10/22/2021,7,5.1,2339,1216045,0.58,0.42,192.34,42003,-79.98619843,40.46735543,POINT (-79.98619843 40.46735543)
Allegheny,10/21/2021,3,4.9,2332,1216045,0.25,0.4,191.77,42003,-79.98619843,40.46735543,POINT (-79.98619843 40.46735543)
Allegheny,10/19/2021,8,6.1,2325,1216045,0.66,0.51,191.19,42003,-79.98619843,40.46735543,POINT (-79.98619843 40.46735543)
Allegheny,10/18/2020,0,2.3,416,1216045,0,0.19,34.21,42003,-79.98619843,40.46735543,POINT (-79.98619843 40.46735543)
Allegheny,10/11/2020,2,2.3,400,1216045,0.16,0.19,32.89,42003,-79.98619843,40.46735543,POINT (-79.98619843 40.46735543)
Allegheny,10/13/2020,2,2.4,403,1216045,0.16,0.2,33.14,42003,-79.98619843,40.46735543,POINT (-79.98619843 40.46735543)
Allegheny,10/14/2020,4,2.4,407,1216045,0.33,0.2,33.47,42003,-79.98619843,40.46735543,POINT (-79.98619843 40.46735543)
Allegheny,10/16/2020,1,2.1,412,1216045,0.08,0.18,33.88,42003,-79.98619843,40.46735543,POINT (-79.98619843 40.46735543)
Allegheny,10/21/2020,0,1.6,418,1216045,0,0.13,34.37,42003,-79.98619843,40.46735543,POINT (-79.98619843 40.46735543)
Allegheny,10/25/2020,1,1.4,426,1216045,0.08,0.12,35.03,42003,-79.98619843,40.46735543,POINT (-79.98619843 40.46735543)
Allegheny,10/28/2021,5,5.1,2368,1216045,0.41,0.42,194.73,42003,-79.98619843,40.46735543,POINT (-79.98619843 40.46735543)
Allegheny,10/09/2020,4,2.3,397,1216045,0.33,0.19,32.65,42003,-79.98619843,40.46735543,POINT (-79.98619843 40.46735543)
Allegheny,04/29/2021,2,2.4,1937,1216045,0.16,0.2,159.29,42003,-79.98619843,40.46735543,POINT (-79.98619843 40.46735543)
Allegheny,04/08/2021,4,3,1882,1216045,0.33,0.25,154.76,42003,-79.98619843,40.46735543,POINT (-79.98619843 40.46735543)
Allegheny,07/06/2021,0,0.1,2031,1216045,0,0.01,167.02,42003,-79.98619843,40.46735543,POINT (-79.98619843 40.46735543)
Allegheny,06/28/2021,0,0.3,2030,1216045,0,0.02,166.93,42003,-79.98619843,40.46735543,POINT (-79.98619843 40.46735543)
Allegheny,05/25/2021,0,2.4,2000,1216045,0,0.2,164.47,42003,-79.98619843,40.46735543,POINT (-79.98619843 40.46735543)
Allegheny,08/31/2021,8,3.3,2099,1216045,0.66,0.27,172.61,42003,-79.98619843,40.46735543,POINT (-79.98619843 40.46735543)
Allegheny,10/26/2021,2,5,2360,1216045,0.16,0.41,194.07,42003,-79.98619843,40.46735543,POINT (-79.98619843 40.46735543)
Allegheny,05/30/2021,0,0.9,2004,1216045,0,0.07,164.8,42003,-79.98619843,40.46735543,POINT (-79.98619843 40.46735543)
Allegheny,09/05/2021,3,3.3,2111,1216045,0.25,0.27,173.6,42003,-79.98619843,40.46735543,POINT (-79.98619843 40.46735543)
Allegheny,04/09/2021,4,3.1,1886,1216045,0.33,0.26,155.09,42003,-79.98619843,40.46735543,POINT (-79.98619843 40.46735543)
Allegheny,10/24/2020,1,1.3,425,1216045,0.08,0.11,34.95,42003,-79.98619843,40.46735543,POINT (-79.98619843 40.46735543)
Allegheny,10/19/2020,1,2.3,417,1216045,0.08,0.19,34.29,42003,-79.98619843,40.46735543,POINT (-79.98619843 40.46735543)
Allegheny,11/03/2021,0,2.1,2378,1216045,0,0.18,195.55,42003,-79.98619843,40.46735543,POINT (-79.98619843 40.46735543)
Allegheny,10/29/2021,4,4.7,2372,1216045,0.33,0.39,195.06,42003,-79.98619843,40.46735543,POINT (-79.98619843 40.46735543)
Allegheny,10/31/2021,3,3.7,2377,1216045,0.25,0.31,195.47,42003,-79.98619843,40.46735543,POINT (-79.98619843 40.46735543)
Allegheny,05/08/2021,2,1.9,1963,1216045,0.16,0.15,161.42,42003,-79.98619843,40.46735543,POINT (-79.98619843 40.46735543)
Allegheny,10/25/2021,7,5.9,2358,1216045,0.58,0.48,193.91,42003,-79.98619843,40.46735543,POINT (-79.98619843 40.46735543)
Allegheny,10/15/2020,4,2.6,411,1216045,0.33,0.21,33.8,42003,-79.98619843,40.46735543,POINT (-79.98619843 40.46735543)
Allegheny,08/03/2021,1,0.3,2041,1216045,0.08,0.02,167.84,42003,-79.98619843,40.46735543,POINT (-79.98619843 40.46735543)
Allegheny,04/25/2021,2,2.6,1927,1216045,0.16,0.21,158.46,42003,-79.98619843,40.46735543,POINT (-79.98619843 40.46735543)
Allegheny,06/16/2021,1,0.7,2026,1216045,0.08,0.06,166.61,42003,-79.98619843,40.46735543,POINT (-79.98619843 40.46735543)
Allegheny,08/22/2021,1,1.7,2074,1216045,0.08,0.14,170.55,42003,-79.98619843,40.46735543,POINT (-79.98619843 40.46735543)
Allegheny,04/16/2021,4,2.7,1905,1216045,0.33,0.22,156.66,42003,-79.98619843,40.46735543,POINT (-79.98619843 40.46735543)
Allegheny,06/21/2021,1,0.4,2028,1216045,0.08,0.04,166.77,42003,-79.98619843,40.46735543,POINT (-79.98619843 40.46735543)
Allegheny,05/05/2021,5,3.4,1959,1216045,0.41,0.28,161.1,42003,-79.98619843,40.46735543,POINT (-79.98619843 40.46735543)
Allegheny,10/10/2020,1,2.1,398,1216045,0.08,0.18,32.73,42003,-79.98619843,40.46735543,POINT (-79.98619843 40.46735543)
Allegheny,10/17/2020,4,2.6,416,1216045,0.33,0.21,34.21,42003,-79.98619843,40.46735543,POINT (-79.98619843 40.46735543)
Allegheny,07/26/2021,0,0.4,2039,1216045,0,0.04,167.67,42003,-79.98619843,40.46735543,POINT (-79.98619843 40.46735543)
Allegheny,06/08/2021,2,1.7,2019,1216045,0.16,0.14,166.03,42003,-79.98619843,40.46735543,POINT (-79.98619843 40.46735543)
Allegheny,08/15/2021,1,1.7,2062,1216045,0.08,0.14,169.57,42003,-79.98619843,40.46735543,POINT (-79.98619843 40.46735543)
Allegheny,08/29/2021,1,2,2088,1216045,0.08,0.16,171.7,42003,-79.98619843,40.46735543,POINT (-79.98619843 40.46735543)
Allegheny,05/10/2021,2,2.3,1968,1216045,0.16,0.19,161.84,42003,-79.98619843,40.46735543,POINT (-79.98619843 40.46735543)
Allegheny,05/23/2021,1,2.7,1998,1216045,0.08,0.22,164.3,42003,-79.98619843,40.46735543,POINT (-79.98619843 40.46735543)
Allegheny,10/22/2020,3,1.4,421,1216045,0.25,0.12,34.62,42003,-79.98619843,40.46735543,POINT (-79.98619843 40.46735543)
Allegheny,05/24/2021,2,2.7,2000,1216045,0.16,0.22,164.47,42003,-79.98619843,40.46735543,POINT (-79.98619843 40.46735543)
Allegheny,10/26/2020,2,1.6,428,1216045,0.16,0.13,35.2,42003,-79.98619843,40.46735543,POINT (-79.98619843 40.46735543)
Allegheny,08/07/2021,2,1.1,2048,1216045,0.16,0.09,168.41,42003,-79.98619843,40.46735543,POINT (-79.98619843 40.46735543)
Allegheny,10/23/2020,3,1.7,424,1216045,0.25,0.14,34.87,42003,-79.98619843,40.46735543,POINT (-79.98619843 40.46735543)
Allegheny,10/12/2020,1,2.4,401,1216045,0.08,0.2,32.98,42003,-79.98619843,40.46735543,POINT (-79.98619843 40.46735543)
Allegheny,10/20/2020,1,2.1,418,1216045,0.08,0.18,34.37,42003,-79.98619843,40.46735543,POINT (-79.98619843 40.46735543)
Allegheny,10/30/2021,2,4.1,2374,1216045,0.16,0.34,195.22,42003,-79.98619843,40.46735543,POINT (-79.98619843 40.46735543)
Allegheny,04/01/2021,3,3.3,1861,1216045,0.25,0.27,153.04,42003,-79.98619843,40.46735543,POINT (-79.98619843 40.46735543)
Allegheny,11/27/2020,10,8.4,576,1216045,0.82,0.69,47.37,42003,-79.98619843,40.46735543,POINT (-79.98619843 40.46735543)
Allegheny,10/27/2021,3,4.9,2363,1216045,0.25,0.4,194.32,42003,-79.98619843,40.46735543,POINT (-79.98619843 40.46735543)
Allegheny,12/16/2020,26,20.3,903,1216045,2.14,1.67,74.26,42003,-79.98619843,40.46735543,POINT (-79.98619843 40.46735543)
Allegheny,01/19/2021,13,11.9,1500,1216045,1.07,0.98,123.35,42003,-79.98619843,40.46735543,POINT (-79.98619843 40.46735543)
Allegheny,01/20/2021,10,11.4,1510,1216045,0.82,0.94,124.17,42003,-79.98619843,40.46735543,POINT (-79.98619843 40.46735543)
Allegheny,12/08/2020,19,17.3,737,1216045,1.56,1.42,60.61,42003,-79.98619843,40.46735543,POINT (-79.98619843 40.46735543)
Allegheny,12/04/2020,16,12.6,664,1216045,1.32,1.03,54.6,42003,-79.98619843,40.46735543,POINT (-79.98619843 40.46735543)
Allegheny,11/01/2021,0,2.7,2377,1216045,0,0.22,195.47,42003,-79.98619843,40.46735543,POINT (-79.98619843 40.46735543)
Allegheny,12/23/2020,31,23.7,1069,1216045,2.55,1.95,87.91,42003,-79.98619843,40.46735543,POINT (-79.98619843 40.46735543)
Allegheny,03/26/2021,4,3.7,1842,1216045,0.33,0.31,151.47,42003,-79.98619843,40.46735543,POINT (-79.98619843 40.46735543)
Allegheny,01/29/2021,3,9,1593,1216045,0.25,0.74,131,42003,-79.98619843,40.46735543,POINT (-79.98619843 40.46735543)
Allegheny,12/28/2020,11,22.7,1167,1216045,0.9,1.87,95.97,42003,-79.98619843,40.46735543,POINT (-79.98619843 40.46735543)
Allegheny,01/17/2021,12,11.1,1474,1216045,0.99,0.92,121.21,42003,-79.98619843,40.46735543,POINT (-79.98619843 40.46735543)
Allegheny,12/22/2020,30,23,1038,1216045,2.47,1.89,85.36,42003,-79.98619843,40.46735543,POINT (-79.98619843 40.46735543)
Allegheny,11/04/2021,0,1.4,2378,1216045,0,0.12,195.55,42003,-79.98619843,40.46735543,POINT (-79.98619843 40.46735543)
Allegheny,02/17/2021,5,5.3,1719,1216045,0.41,0.43,141.36,42003,-79.98619843,40.46735543,POINT (-79.98619843 40.46735543)
Allegheny,03/17/2021,0,1.3,1810,1216045,0,0.11,148.84,42003,-79.98619843,40.46735543,POINT (-79.98619843 40.46735543)
Allegheny,02/27/2021,3,4.6,1770,1216045,0.25,0.38,145.55,42003,-79.98619843,40.46735543,POINT (-79.98619843 40.46735543)
Allegheny,02/14/2021,5,7.6,1705,1216045,0.41,0.62,140.21,42003,-79.98619843,40.46735543,POINT (-79.98619843 40.46735543)
Allegheny,01/22/2021,11,11,1530,1216045,0.9,0.9,125.82,42003,-79.98619843,40.46735543,POINT (-79.98619843 40.46735543)
Allegheny,12/25/2020,19,23.7,1120,1216045,1.56,1.95,92.1,42003,-79.98619843,40.46735543,POINT (-79.98619843 40.46735543)
Allegheny,02/08/2021,10,6.6,1662,1216045,0.82,0.54,136.67,42003,-79.98619843,40.46735543,POINT (-79.98619843 40.46735543)
Allegheny,12/07/2020,20,16.4,718,1216045,1.64,1.35,59.04,42003,-79.98619843,40.46735543,POINT (-79.98619843 40.46735543)
Allegheny,01/05/2021,31,18,1320,1216045,2.55,1.48,108.55,42003,-79.98619843,40.46735543,POINT (-79.98619843 40.46735543)
Allegheny,11/02/2021,1,2.6,2378,1216045,0.08,0.21,195.55,42003,-79.98619843,40.46735543,POINT (-79.98619843 40.46735543)
Allegheny,03/06/2021,2,3,1791,1216045,0.16,0.25,147.28,42003,-79.98619843,40.46735543,POINT (-79.98619843 40.46735543)
Allegheny,02/06/2021,5,6.1,1645,1216045,0.41,0.51,135.27,42003,-79.98619843,40.46735543,POINT (-79.98619843 40.46735543)
Allegheny,03/03/2021,1,3.1,1781,1216045,0.08,0.26,146.46,42003,-79.98619843,40.46735543,POINT (-79.98619843 40.46735543)
Allegheny,12/26/2020,21,24,1141,1216045,1.73,1.97,93.83,42003,-79.98619843,40.46735543,POINT (-79.98619843 40.46735543)
Allegheny,12/18/2020,28,21.3,954,1216045,2.3,1.75,78.45,42003,-79.98619843,40.46735543,POINT (-79.98619843 40.46735543)
Allegheny,11/29/2020,11,9,595,1216045,0.9,0.74,48.93,42003,-79.98619843,40.46735543,POINT (-79.98619843 40.46735543)
Allegheny,01/18/2021,13,11.1,1487,1216045,1.07,0.92,122.28,42003,-79.98619843,40.46735543,POINT (-79.98619843 40.46735543)
Allegheny,02/19/2021,4,5.4,1731,1216045,0.33,0.45,142.35,42003,-79.98619843,40.46735543,POINT (-79.98619843 40.46735543)
Allegheny,12/09/2020,24,18.1,761,1216045,1.97,1.49,62.58,42003,-79.98619843,40.46735543,POINT (-79.98619843 40.46735543)
Allegheny,12/31/2020,14,18.1,1228,1216045,1.15,1.49,100.98,42003,-79.98619843,40.46735543,POINT (-79.98619843 40.46735543)
Allegheny,01/30/2021,9,9.6,1602,1216045,0.74,0.79,131.74,42003,-79.98619843,40.46735543,POINT (-79.98619843 40.46735543)
Allegheny,02/15/2021,6,7,1711,1216045,0.49,0.58,140.7,42003,-79.98619843,40.46735543,POINT (-79.98619843 40.46735543)
Allegheny,12/14/2020,23,19.6,855,1216045,1.89,1.61,70.31,42003,-79.98619843,40.46735543,POINT (-79.98619843 40.46735543)
Allegheny,12/24/2020,32,25,1101,1216045,2.63,2.06,90.54,42003,-79.98619843,40.46735543,POINT (-79.98619843 40.46735543)
Allegheny,11/26/2020,9,8.1,566,1216045,0.74,0.67,46.54,42003,-79.98619843,40.46735543,POINT (-79.98619843 40.46735543)
Allegheny,03/20/2021,4,2.1,1820,1216045,0.33,0.18,149.67,42003,-79.98619843,40.46735543,POINT (-79.98619843 40.46735543)
Allegheny,01/01/2021,18,18,1246,1216045,1.48,1.48,102.46,42003,-79.98619843,40.46735543,POINT (-79.98619843 40.46735543)
Allegheny,12/19/2020,19,22.1,973,1216045,1.56,1.82,80.01,42003,-79.98619843,40.46735543,POINT (-79.98619843 40.46735543)
Allegheny,03/21/2021,5,2.3,1825,1216045,0.41,0.19,150.08,42003,-79.98619843,40.46735543,POINT (-79.98619843 40.46735543)
Allegheny,01/04/2021,13,17.4,1289,1216045,1.07,1.43,106,42003,-79.98619843,40.46735543,POINT (-79.98619843 40.46735543)
Allegheny,03/23/2021,1,2.7,1829,1216045,0.08,0.22,150.41,42003,-79.98619843,40.46735543,POINT (-79.98619843 40.46735543)
Allegheny,02/23/2021,4,5.4,1752,1216045,0.33,0.45,144.07,42003,-79.98619843,40.46735543,POINT (-79.98619843 40.46735543)
Allegheny,11/24/2020,6,7.6,548,1216045,0.49,0.62,45.06,42003,-79.98619843,40.46735543,POINT (-79.98619843 40.46735543)
Allegheny,03/22/2021,3,2.7,1828,1216045,0.25,0.22,150.32,42003,-79.98619843,40.46735543,POINT (-79.98619843 40.46735543)
Allegheny,01/21/2021,9,11.3,1519,1216045,0.74,0.93,124.91,42003,-79.98619843,40.46735543,POINT (-79.98619843 40.46735543)
Allegheny,12/17/2020,23,20.3,926,1216045,1.89,1.67,76.15,42003,-79.98619843,40.46735543,POINT (-79.98619843 40.46735543)
Allegheny,12/29/2020,27,22.3,1194,1216045,2.22,1.83,98.19,42003,-79.98619843,40.46735543,POINT (-79.98619843 40.46735543)
Allegheny,02/03/2021,6,7.3,1629,1216045,0.49,0.6,133.96,42003,-79.98619843,40.46735543,POINT (-79.98619843 40.46735543)
Allegheny,03/13/2021,2,2,1805,1216045,0.16,0.16,148.43,42003,-79.98619843,40.46735543,POINT (-79.98619843 40.46735543)
Allegheny,01/10/2021,13,17.1,1396,1216045,1.07,1.41,114.8,42003,-79.98619843,40.46735543,POINT (-79.98619843 40.46735543)
Allegheny,03/15/2021,0,2.1,1809,1216045,0,0.18,148.76,42003,-79.98619843,40.46735543,POINT (-79.98619843 40.46735543)
Allegheny,03/04/2021,6,3.3,1787,1216045,0.49,0.27,146.95,42003,-79.98619843,40.46735543,POINT (-79.98619843 40.46735543)
Allegheny,02/12/2021,8,7.6,1693,1216045,0.66,0.62,139.22,42003,-79.98619843,40.46735543,POINT (-79.98619843 40.46735543)
Allegheny,02/09/2021,11,7.1,1673,1216045,0.9,0.59,137.58,42003,-79.98619843,40.46735543,POINT (-79.98619843 40.46735543)
Allegheny,12/30/2020,20,20.7,1214,1216045,1.64,1.7,99.83,42003,-79.98619843,40.46735543,POINT (-79.98619843 40.46735543)
Allegheny,02/24/2021,7,5.7,1759,1216045,0.58,0.47,144.65,42003,-79.98619843,40.46735543,POINT (-79.98619843 40.46735543)
Allegheny,02/28/2021,2,4.3,1772,1216045,0.16,0.35,145.72,42003,-79.98619843,40.46735543,POINT (-79.98619843 40.46735543)
Allegheny,02/04/2021,3,6,1632,1216045,0.25,0.49,134.21,42003,-79.98619843,40.46735543,POINT (-79.98619843 40.46735543)
Allegheny,03/10/2021,2,2.9,1801,1216045,0.16,0.23,148.1,42003,-79.98619843,40.46735543,POINT (-79.98619843 40.46735543)
Allegheny,01/03/2021,12,17.1,1276,1216045,0.99,1.41,104.93,42003,-79.98619843,40.46735543,POINT (-79.98619843 40.46735543)
Allegheny,03/11/2021,1,2.1,1802,1216045,0.08,0.18,148.19,42003,-79.98619843,40.46735543,POINT (-79.98619843 40.46735543)
Allegheny,11/19/2020,8,5.4,509,1216045,0.66,0.45,41.86,42003,-79.98619843,40.46735543,POINT (-79.98619843 40.46735543)
Allegheny,02/21/2021,4,5.3,1742,1216045,0.33,0.43,143.25,42003,-79.98619843,40.46735543,POINT (-79.98619843 40.46735543)
Allegheny,02/18/2021,8,6,1727,1216045,0.66,0.49,142.02,42003,-79.98619843,40.46735543,POINT (-79.98619843 40.46735543)
Allegheny,02/02/2021,7,8.1,1623,1216045,0.58,0.67,133.47,42003,-79.98619843,40.46735543,POINT (-79.98619843 40.46735543)
Allegheny,11/25/2020,9,8,557,1216045,0.74,0.66,45.8,42003,-79.98619843,40.46735543,POINT (-79.98619843 40.46735543)
Allegheny,01/08/2021,21,17.7,1370,1216045,1.73,1.46,112.66,42003,-79.98619843,40.46735543,POINT (-79.98619843 40.46735543)
Allegheny,02/05/2021,8,6.7,1640,1216045,0.66,0.55,134.86,42003,-79.98619843,40.46735543,POINT (-79.98619843 40.46735543)
Allegheny,12/15/2020,22,20,877,1216045,1.81,1.64,72.12,42003,-79.98619843,40.46735543,POINT (-79.98619843 40.46735543)
Allegheny,12/13/2020,14,19.1,832,1216045,1.15,1.57,68.42,42003,-79.98619843,40.46735543,POINT (-79.98619843 40.46735543)
Allegheny,11/22/2020,8,6.7,532,1216045,0.66,0.55,43.75,42003,-79.98619843,40.46735543,POINT (-79.98619843 40.46735543)
Allegheny,01/24/2021,6,9.6,1541,1216045,0.49,0.79,126.72,42003,-79.98619843,40.46735543,POINT (-79.98619843 40.46735543)
Allegheny,02/16/2021,3,5.9,1714,1216045,0.25,0.48,140.95,42003,-79.98619843,40.46735543,POINT (-79.98619843 40.46735543)
Allegheny,02/07/2021,7,6.1,1652,1216045,0.58,0.51,135.85,42003,-79.98619843,40.46735543,POINT (-79.98619843 40.46735543)
Allegheny,03/30/2021,2,3.4,1853,1216045,0.16,0.28,152.38,42003,-79.98619843,40.46735543,POINT (-79.98619843 40.46735543)
Allegheny,01/27/2021,12,9.7,1578,1216045,0.99,0.8,129.76,42003,-79.98619843,40.46735543,POINT (-79.98619843 40.46735543)
Allegheny,12/11/2020,21,20.1,805,1216045,1.73,1.66,66.2,42003,-79.98619843,40.46735543,POINT (-79.98619843 40.46735543)
Allegheny,03/29/2021,1,3.3,1851,1216045,0.08,0.27,152.21,42003,-79.98619843,40.46735543,POINT (-79.98619843 40.46735543)
Allegheny,12/27/2020,15,23.3,1156,1216045,1.23,1.91,95.06,42003,-79.98619843,40.46735543,POINT (-79.98619843 40.46735543)
Allegheny,03/19/2021,2,1.9,1816,1216045,0.16,0.15,149.34,42003,-79.98619843,40.46735543,POINT (-79.98619843 40.46735543)
Allegheny,03/08/2021,1,2.4,1794,1216045,0.08,0.2,147.53,42003,-79.98619843,40.46735543,POINT (-79.98619843 40.46735543)
Allegheny,03/27/2021,4,3.7,1846,1216045,0.33,0.31,151.8,42003,-79.98619843,40.46735543,POINT (-79.98619843 40.46735543)
Allegheny,03/18/2021,4,1.7,1814,1216045,0.33,0.14,149.17,42003,-79.98619843,40.46735543,POINT (-79.98619843 40.46735543)
Allegheny,02/13/2021,7,7.9,1700,1216045,0.58,0.65,139.8,42003,-79.98619843,40.46735543,POINT (-79.98619843 40.46735543)
Allegheny,02/25/2021,5,5.3,1764,1216045,0.41,0.43,145.06,42003,-79.98619843,40.46735543,POINT (-79.98619843 40.46735543)
Allegheny,11/23/2020,10,7.9,542,1216045,0.82,0.65,44.57,42003,-79.98619843,40.46735543,POINT (-79.98619843 40.46735543)
Allegheny,03/16/2021,1,1.6,1810,1216045,0.08,0.13,148.84,42003,-79.98619843,40.46735543,POINT (-79.98619843 40.46735543)
Allegheny,10/29/2020,2,2.4,438,1216045,0.16,0.2,36.02,42003,-79.98619843,40.46735543,POINT (-79.98619843 40.46735543)
Allegheny,03/31/2021,5,3.4,1858,1216045,0.41,0.28,152.79,42003,-79.98619843,40.46735543,POINT (-79.98619843 40.46735543)
Allegheny,02/22/2021,6,5.3,1748,1216045,0.49,0.43,143.74,42003,-79.98619843,40.46735543,POINT (-79.98619843 40.46735543)
Allegheny,11/16/2020,2,4,487,1216045,0.16,0.33,40.05,42003,-79.98619843,40.46735543,POINT (-79.98619843 40.46735543)
Allegheny,03/05/2021,2,3.1,1789,1216045,0.16,0.26,147.12,42003,-79.98619843,40.46735543,POINT (-79.98619843 40.46735543)
Allegheny,01/31/2021,7,9.7,1609,1216045,0.58,0.8,132.31,42003,-79.98619843,40.46735543,POINT (-79.98619843 40.46735543)
Allegheny,12/02/2020,18,11,634,1216045,1.48,0.9,52.14,42003,-79.98619843,40.46735543,POINT (-79.98619843 40.46735543)
Allegheny,01/14/2021,10,13,1440,1216045,0.82,1.07,118.42,42003,-79.98619843,40.46735543,POINT (-79.98619843 40.46735543)
Allegheny,12/05/2020,18,14,682,1216045,1.48,1.15,56.08,42003,-79.98619843,40.46735543,POINT (-79.98619843 40.46735543)
Allegheny,01/15/2021,13,11.9,1453,1216045,1.07,0.98,119.49,42003,-79.98619843,40.46735543,POINT (-79.98619843 40.46735543)
Allegheny,11/10/2020,1,2.3,460,1216045,0.08,0.19,37.83,42003,-79.98619843,40.46735543,POINT (-79.98619843 40.46735543)
Allegheny,02/20/2021,7,5.4,1738,1216045,0.58,0.45,142.92,42003,-79.98619843,40.46735543,POINT (-79.98619843 40.46735543)
Allegheny,12/12/2020,13,19.4,818,1216045,1.07,1.6,67.27,42003,-79.98619843,40.46735543,POINT (-79.98619843 40.46735543)
Allegheny,02/26/2021,3,5.1,1767,1216045,0.25,0.42,145.31,42003,-79.98619843,40.46735543,POINT (-79.98619843 40.46735543)
Allegheny,11/12/2020,8,3.1,471,1216045,0.66,0.26,38.73,42003,-79.98619843,40.46735543,POINT (-79.98619843 40.46735543)
Allegheny,11/08/2020,1,2.1,456,1216045,0.08,0.18,37.5,42003,-79.98619843,40.46735543,POINT (-79.98619843 40.46735543)
Allegheny,01/13/2021,13,13.4,1430,1216045,1.07,1.1,117.59,42003,-79.98619843,40.46735543,POINT (-79.98619843 40.46735543)
Allegheny,03/28/2021,4,3.6,1850,1216045,0.33,0.29,152.13,42003,-79.98619843,40.46735543,POINT (-79.98619843 40.46735543)
Allegheny,03/07/2021,2,3,1793,1216045,0.16,0.25,147.45,42003,-79.98619843,40.46735543,POINT (-79.98619843 40.46735543)
Allegheny,03/02/2021,3,4,1780,1216045,0.25,0.33,146.38,42003,-79.98619843,40.46735543,POINT (-79.98619843 40.46735543)
Allegheny,12/20/2020,20,23,993,1216045,1.64,1.89,81.66,42003,-79.98619843,40.46735543,POINT (-79.98619843 40.46735543)
Allegheny,12/21/2020,15,21.9,1008,1216045,1.23,1.8,82.89,42003,-79.98619843,40.46735543,POINT (-79.98619843 40.46735543)
Allegheny,01/25/2021,17,10.1,1558,1216045,1.4,0.83,128.12,42003,-79.98619843,40.46735543,POINT (-79.98619843 40.46735543)
Allegheny,01/28/2021,12,10.1,1590,1216045,0.99,0.83,130.75,42003,-79.98619843,40.46735543,POINT (-79.98619843 40.46735543)
Allegheny,10/28/2020,6,2.6,436,1216045,0.49,0.21,35.85,42003,-79.98619843,40.46735543,POINT (-79.98619843 40.46735543)
Allegheny,03/01/2021,5,4.1,1777,1216045,0.41,0.34,146.13,42003,-79.98619843,40.46735543,POINT (-79.98619843 40.46735543)
Allegheny,11/21/2020,7,6.3,524,1216045,0.58,0.52,43.09,42003,-79.98619843,40.46735543,POINT (-79.98619843 40.46735543)
Allegheny,03/09/2021,5,2.7,1799,1216045,0.41,0.22,147.94,42003,-79.98619843,40.46735543,POINT (-79.98619843 40.46735543)
Allegheny,12/03/2020,14,11.7,648,1216045,1.15,0.96,53.29,42003,-79.98619843,40.46735543,POINT (-79.98619843 40.46735543)
Allegheny,12/01/2020,13,9.7,616,1216045,1.07,0.8,50.66,42003,-79.98619843,40.46735543,POINT (-79.98619843 40.46735543)
Allegheny,02/11/2021,3,7.6,1685,1216045,0.25,0.62,138.56,42003,-79.98619843,40.46735543,POINT (-79.98619843 40.46735543)
Allegheny,01/11/2021,13,17.1,1409,1216045,1.07,1.41,115.87,42003,-79.98619843,40.46735543,POINT (-79.98619843 40.46735543)
Allegheny,11/18/2020,6,5.4,501,1216045,0.49,0.45,41.2,42003,-79.98619843,40.46735543,POINT (-79.98619843 40.46735543)
Allegheny,01/12/2021,8,13.9,1417,1216045,0.66,1.14,116.53,42003,-79.98619843,40.46735543,POINT (-79.98619843 40.46735543)
Allegheny,01/07/2021,13,17.3,1349,1216045,1.07,1.42,110.93,42003,-79.98619843,40.46735543,POINT (-79.98619843 40.46735543)
Allegheny,01/23/2021,5,10.4,1535,1216045,0.41,0.86,126.23,42003,-79.98619843,40.46735543,POINT (-79.98619843 40.46735543)
Allegheny,03/25/2021,4,3.4,1838,1216045,0.33,0.28,151.15,42003,-79.98619843,40.46735543,POINT (-79.98619843 40.46735543)
Allegheny,02/10/2021,9,7.6,1682,1216045,0.74,0.62,138.32,42003,-79.98619843,40.46735543,POINT (-79.98619843 40.46735543)
Allegheny,11/28/2020,8,8.6,584,1216045,0.66,0.7,48.02,42003,-79.98619843,40.46735543,POINT (-79.98619843 40.46735543)
Allegheny,11/13/2020,3,3,474,1216045,0.25,0.25,38.98,42003,-79.98619843,40.46735543,POINT (-79.98619843 40.46735543)
Allegheny,11/09/2020,3,2.4,459,1216045,0.25,0.2,37.75,42003,-79.98619843,40.46735543,POINT (-79.98619843 40.46735543)
Allegheny,01/26/2021,8,9.4,1566,1216045,0.66,0.78,128.78,42003,-79.98619843,40.46735543,POINT (-79.98619843 40.46735543)
Allegheny,03/12/2021,1,2,1803,1216045,0.08,0.16,148.27,42003,-79.98619843,40.46735543,POINT (-79.98619843 40.46735543)
Allegheny,01/09/2021,13,17,1383,1216045,1.07,1.4,113.73,42003,-79.98619843,40.46735543,POINT (-79.98619843 40.46735543)
Allegheny,10/27/2020,2,1.7,430,1216045,0.16,0.14,35.36,42003,-79.98619843,40.46735543,POINT (-79.98619843 40.46735543)
Allegheny,03/24/2021,5,3.4,1834,1216045,0.41,0.28,150.82,42003,-79.98619843,40.46735543,POINT (-79.98619843 40.46735543)
Allegheny,02/01/2021,7,8.3,1616,1216045,0.58,0.68,132.89,42003,-79.98619843,40.46735543,POINT (-79.98619843 40.46735543)
Allegheny,11/02/2020,1,2,442,1216045,0.08,0.16,36.35,42003,-79.98619843,40.46735543,POINT (-79.98619843 40.46735543)
Allegheny,10/31/2020,2,2.1,440,1216045,0.16,0.18,36.18,42003,-79.98619843,40.46735543,POINT (-79.98619843 40.46735543)
Allegheny,01/16/2021,9,11.3,1462,1216045,0.74,0.93,120.23,42003,-79.98619843,40.46735543,POINT (-79.98619843 40.46735543)
Allegheny,11/30/2020,8,8.7,603,1216045,0.66,0.72,49.59,42003,-79.98619843,40.46735543,POINT (-79.98619843 40.46735543)
Allegheny,03/14/2021,4,2.3,1809,1216045,0.33,0.19,148.76,42003,-79.98619843,40.46735543,POINT (-79.98619843 40.46735543)
Allegheny,12/06/2020,16,14.7,698,1216045,1.32,1.21,57.4,42003,-79.98619843,40.46735543,POINT (-79.98619843 40.46735543)
Allegheny,11/20/2020,8,6.1,517,1216045,0.66,0.51,42.51,42003,-79.98619843,40.46735543,POINT (-79.98619843 40.46735543)
Allegheny,01/06/2021,16,17.4,1336,1216045,1.32,1.43,109.86,42003,-79.98619843,40.46735543,POINT (-79.98619843 40.46735543)
Allegheny,12/10/2020,23,19.4,784,1216045,1.89,1.6,64.47,42003,-79.98619843,40.46735543,POINT (-79.98619843 40.46735543)
Allegheny,11/06/2020,4,2.1,453,1216045,0.33,0.18,37.25,42003,-79.98619843,40.46735543,POINT (-79.98619843 40.46735543)
Allegheny,01/02/2021,18,17.6,1264,1216045,1.48,1.44,103.94,42003,-79.98619843,40.46735543,POINT (-79.98619843 40.46735543)
Allegheny,11/04/2020,1,1.3,445,1216045,0.08,0.11,36.59,42003,-79.98619843,40.46735543,POINT (-79.98619843 40.46735543)
Allegheny,11/01/2020,1,2.1,441,1216045,0.08,0.18,36.27,42003,-79.98619843,40.46735543,POINT (-79.98619843 40.46735543)
Allegheny,11/03/2020,2,2,444,1216045,0.16,0.16,36.51,42003,-79.98619843,40.46735543,POINT (-79.98619843 40.46735543)
Allegheny,11/15/2020,5,4.1,485,1216045,0.41,0.34,39.88,42003,-79.98619843,40.46735543,POINT (-79.98619843 40.46735543)
Allegheny,11/07/2020,2,2.1,455,1216045,0.16,0.18,37.42,42003,-79.98619843,40.46735543,POINT (-79.98619843 40.46735543)
Allegheny,11/05/2020,4,1.6,449,1216045,0.33,0.13,36.92,42003,-79.98619843,40.46735543,POINT (-79.98619843 40.46735543)
Allegheny,04/02/2020,0,0.1,2,1216045,0,0.01,0.16,42003,-79.98619843,40.46735543,POINT (-79.98619843 40.46735543)
Allegheny,05/07/2020,3,2.9,138,1216045,0.25,0.23,11.35,42003,-79.98619843,40.46735543,POINT (-79.98619843 40.46735543)
Allegheny,05/11/2020,2,2.9,149,1216045,0.16,0.23,12.25,42003,-79.98619843,40.46735543,POINT (-79.98619843 40.46735543)
Allegheny,04/19/2020,5,4.3,69,1216045,0.41,0.35,5.67,42003,-79.98619843,40.46735543,POINT (-79.98619843 40.46735543)
Allegheny,03/27/2020,0,0.1,1,1216045,0,0.01,0.08,42003,-79.98619843,40.46735543,POINT (-79.98619843 40.46735543)
Allegheny,04/11/2020,6,4.1,35,1216045,0.49,0.34,2.88,42003,-79.98619843,40.46735543,POINT (-79.98619843 40.46735543)
Allegheny,04/03/2020,4,0.7,6,1216045,0.33,0.06,0.49,42003,-79.98619843,40.46735543,POINT (-79.98619843 40.46735543)
Allegheny,03/19/2020,0,,0,1216045,0,,0,42003,-79.98619843,40.46735543,POINT (-79.98619843 40.46735543)
Allegheny,04/05/2020,4,1.3,10,1216045,0.33,0.11,0.82,42003,-79.98619843,40.46735543,POINT (-79.98619843 40.46735543)
Allegheny,07/22/2020,1,1.6,226,1216045,0.08,0.13,18.58,42003,-79.98619843,40.46735543,POINT (-79.98619843 40.46735543)
Allegheny,05/24/2020,1,0.9,169,1216045,0.08,0.07,13.9,42003,-79.98619843,40.46735543,POINT (-79.98619843 40.46735543)
Allegheny,08/22/2020,3,2.3,318,1216045,0.25,0.19,26.15,42003,-79.98619843,40.46735543,POINT (-79.98619843 40.46735543)
Allegheny,04/18/2020,4,4.1,64,1216045,0.33,0.34,5.26,42003,-79.98619843,40.46735543,POINT (-79.98619843 40.46735543)
Allegheny,09/28/2020,0,0.9,375,1216045,0,0.07,30.84,42003,-79.98619843,40.46735543,POINT (-79.98619843 40.46735543)
Allegheny,08/19/2020,4,3.3,312,1216045,0.33,0.27,25.66,42003,-79.98619843,40.46735543,POINT (-79.98619843 40.46735543)
Allegheny,04/10/2020,7,3.3,29,1216045,0.58,0.27,2.38,42003,-79.98619843,40.46735543,POINT (-79.98619843 40.46735543)
Allegheny,04/28/2020,3,3.7,108,1216045,0.25,0.31,8.88,42003,-79.98619843,40.46735543,POINT (-79.98619843 40.46735543)
Allegheny,06/17/2020,0,0.6,186,1216045,0,0.05,15.3,42003,-79.98619843,40.46735543,POINT (-79.98619843 40.46735543)
Allegheny,07/02/2020,1,1.1,199,1216045,0.08,0.09,16.36,42003,-79.98619843,40.46735543,POINT (-79.98619843 40.46735543)
Allegheny,03/24/2020,0,,1,1216045,0,,0.08,42003,-79.98619843,40.46735543,POINT (-79.98619843 40.46735543)
Allegheny,06/08/2020,0,0.4,179,1216045,0,0.04,14.72,42003,-79.98619843,40.46735543,POINT (-79.98619843 40.46735543)
Allegheny,06/06/2020,0,0.7,179,1216045,0,0.06,14.72,42003,-79.98619843,40.46735543,POINT (-79.98619843 40.46735543)
Allegheny,03/25/2020,0,0.1,1,1216045,0,0.01,0.08,42003,-79.98619843,40.46735543,POINT (-79.98619843 40.46735543)
Allegheny,04/30/2020,4,3.9,118,1216045,0.33,0.32,9.7,42003,-79.98619843,40.46735543,POINT (-79.98619843 40.46735543)
Allegheny,06/21/2020,1,0.7,190,1216045,0.08,0.06,15.62,42003,-79.98619843,40.46735543,POINT (-79.98619843 40.46735543)
Allegheny,07/17/2020,1,1.6,219,1216045,0.08,0.13,18.01,42003,-79.98619843,40.46735543,POINT (-79.98619843 40.46735543)
Allegheny,08/12/2020,5,3.9,289,1216045,0.41,0.32,23.77,42003,-79.98619843,40.46735543,POINT (-79.98619843 40.46735543)
Allegheny,04/23/2020,4,5.3,91,1216045,0.33,0.43,7.48,42003,-79.98619843,40.46735543,POINT (-79.98619843 40.46735543)
Allegheny,06/01/2020,1,0.9,176,1216045,0.08,0.07,14.47,42003,-79.98619843,40.46735543,POINT (-79.98619843 40.46735543)
Allegheny,09/10/2020,3,1.7,358,1216045,0.25,0.14,29.44,42003,-79.98619843,40.46735543,POINT (-79.98619843 40.46735543)
Allegheny,08/27/2020,3,2.6,332,1216045,0.25,0.21,27.3,42003,-79.98619843,40.46735543,POINT (-79.98619843 40.46735543)
Allegheny,09/25/2020,2,0.9,374,1216045,0.16,0.07,30.76,42003,-79.98619843,40.46735543,POINT (-79.98619843 40.46735543)
Allegheny,04/07/2020,2,2,15,1216045,0.16,0.16,1.23,42003,-79.98619843,40.46735543,POINT (-79.98619843 40.46735543)
Allegheny,06/18/2020,2,0.7,188,1216045,0.16,0.06,15.46,42003,-79.98619843,40.46735543,POINT (-79.98619843 40.46735543)
Allegheny,07/28/2020,0,2.4,242,1216045,0,0.2,19.9,42003,-79.98619843,40.46735543,POINT (-79.98619843 40.46735543)
Allegheny,10/07/2020,4,1.9,390,1216045,0.33,0.15,32.07,42003,-79.98619843,40.46735543,POINT (-79.98619843 40.46735543)
Allegheny,09/22/2020,2,0.9,371,1216045,0.16,0.07,30.51,42003,-79.98619843,40.46735543,POINT (-79.98619843 40.46735543)
Allegheny,06/22/2020,1,0.7,191,1216045,0.08,0.06,15.71,42003,-79.98619843,40.46735543,POINT (-79.98619843 40.46735543)
Allegheny,08/06/2020,3,2.7,265,1216045,0.25,0.22,21.79,42003,-79.98619843,40.46735543,POINT (-79.98619843 40.46735543)
Allegheny,07/18/2020,4,2,223,1216045,0.33,0.16,18.34,42003,-79.98619843,40.46735543,POINT (-79.98619843 40.46735543)
Allegheny,04/25/2020,4,4.9,98,1216045,0.33,0.4,8.06,42003,-79.98619843,40.46735543,POINT (-79.98619843 40.46735543)
Allegheny,06/03/2020,1,0.9,178,1216045,0.08,0.07,14.64,42003,-79.98619843,40.46735543,POINT (-79.98619843 40.46735543)
Allegheny,03/22/2020,0,,1,1216045,0,,0.08,42003,-79.98619843,40.46735543,POINT (-79.98619843 40.46735543)
Allegheny,05/25/2020,1,1,170,1216045,0.08,0.08,13.98,42003,-79.98619843,40.46735543,POINT (-79.98619843 40.46735543)
Allegheny,03/29/2020,0,0,1,1216045,0,0,0.08,42003,-79.98619843,40.46735543,POINT (-79.98619843 40.46735543)
Allegheny,06/20/2020,1,0.7,189,1216045,0.08,0.06,15.54,42003,-79.98619843,40.46735543,POINT (-79.98619843 40.46735543)
Allegheny,08/13/2020,6,4.3,295,1216045,0.49,0.35,24.26,42003,-79.98619843,40.46735543,POINT (-79.98619843 40.46735543)
Allegheny,03/30/2020,0,0,1,1216045,0,0,0.08,42003,-79.98619843,40.46735543,POINT (-79.98619843 40.46735543)
Allegheny,10/03/2020,2,1.1,383,1216045,0.16,0.09,31.5,42003,-79.98619843,40.46735543,POINT (-79.98619843 40.46735543)
Allegheny,04/22/2020,5,5,87,1216045,0.41,0.41,7.15,42003,-79.98619843,40.46735543,POINT (-79.98619843 40.46735543)
Allegheny,06/04/2020,1,0.7,179,1216045,0.08,0.06,14.72,42003,-79.98619843,40.46735543,POINT (-79.98619843 40.46735543)
Allegheny,08/21/2020,1,2.3,315,1216045,0.08,0.19,25.9,42003,-79.98619843,40.46735543,POINT (-79.98619843 40.46735543)
Allegheny,03/20/2020,0,,0,1216045,0,,0,42003,-79.98619843,40.46735543,POINT (-79.98619843 40.46735543)
Allegheny,07/23/2020,2,1.4,228,1216045,0.16,0.12,18.75,42003,-79.98619843,40.46735543,POINT (-79.98619843 40.46735543)
Allegheny,03/21/2020,1,,1,1216045,0.08,,0.08,42003,-79.98619843,40.46735543,POINT (-79.98619843 40.46735543)
Allegheny,04/21/2020,5,5,82,1216045,0.41,0.41,6.74,42003,-79.98619843,40.46735543,POINT (-79.98619843 40.46735543)
Allegheny,08/01/2020,2,2.4,252,1216045,0.16,0.2,20.72,42003,-79.98619843,40.46735543,POINT (-79.98619843 40.46735543)
Allegheny,03/28/2020,0,0,1,1216045,0,0,0.08,42003,-79.98619843,40.46735543,POINT (-79.98619843 40.46735543)
Allegheny,07/31/2020,4,3,250,1216045,0.33,0.25,20.56,42003,-79.98619843,40.46735543,POINT (-79.98619843 40.46735543)
Allegheny,06/13/2020,1,0.7,184,1216045,0.08,0.06,15.13,42003,-79.98619843,40.46735543,POINT (-79.98619843 40.46735543)
Allegheny,09/07/2020,0,1.4,351,1216045,0,0.12,28.86,42003,-79.98619843,40.46735543,POINT (-79.98619843 40.46735543)
Allegheny,03/23/2020,0,,1,1216045,0,,0.08,42003,-79.98619843,40.46735543,POINT (-79.98619843 40.46735543)
Allegheny,06/16/2020,0,0.6,186,1216045,0,0.05,15.3,42003,-79.98619843,40.46735543,POINT (-79.98619843 40.46735543)
Allegheny,04/08/2020,4,2.4,19,1216045,0.33,0.2,1.56,42003,-79.98619843,40.46735543,POINT (-79.98619843 40.46735543)
Allegheny,08/14/2020,4,4,299,1216045,0.33,0.33,24.59,42003,-79.98619843,40.46735543,POINT (-79.98619843 40.46735543)
Allegheny,05/23/2020,0,0.7,168,1216045,0,0.06,13.82,42003,-79.98619843,40.46735543,POINT (-79.98619843 40.46735543)
Allegheny,05/06/2020,3,3,135,1216045,0.25,0.25,11.1,42003,-79.98619843,40.46735543,POINT (-79.98619843 40.46735543)
Allegheny,09/19/2020,0,1,368,1216045,0,0.08,30.26,42003,-79.98619843,40.46735543,POINT (-79.98619843 40.46735543)
Allegheny,08/16/2020,3,3.9,305,1216045,0.25,0.32,25.08,42003,-79.98619843,40.46735543,POINT (-79.98619843 40.46735543)
Allegheny,03/31/2020,0,0,1,1216045,0,0,0.08,42003,-79.98619843,40.46735543,POINT (-79.98619843 40.46735543)
Allegheny,05/22/2020,0,0.9,168,1216045,0,0.07,13.82,42003,-79.98619843,40.46735543,POINT (-79.98619843 40.46735543)
Allegheny,03/18/2020,0,,0,1216045,0,,0,42003,-79.98619843,40.46735543,POINT (-79.98619843 40.46735543)
Allegheny,07/05/2020,1,0.9,202,1216045,0.08,0.07,16.61,42003,-79.98619843,40.46735543,POINT (-79.98619843 40.46735543)
Allegheny,06/30/2020,0,0.7,196,1216045,0,0.06,16.12,42003,-79.98619843,40.46735543,POINT (-79.98619843 40.46735543)
Allegheny,04/09/2020,3,2.9,22,1216045,0.25,0.23,1.81,42003,-79.98619843,40.46735543,POINT (-79.98619843 40.46735543)
Allegheny,04/15/2020,5,4.7,52,1216045,0.41,0.39,4.28,42003,-79.98619843,40.46735543,POINT (-79.98619843 40.46735543)
Allegheny,03/26/2020,0,0.1,1,1216045,0,0.01,0.08,42003,-79.98619843,40.46735543,POINT (-79.98619843 40.46735543)
Allegheny,04/01/2020,1,0.1,2,1216045,0.08,0.01,0.16,42003,-79.98619843,40.46735543,POINT (-79.98619843 40.46735543)
Allegheny,05/17/2020,0,2.3,163,1216045,0,0.19,13.4,42003,-79.98619843,40.46735543,POINT (-79.98619843 40.46735543)
Allegheny,07/27/2020,2,2.4,242,1216045,0.16,0.2,19.9,42003,-79.98619843,40.46735543,POINT (-79.98619843 40.46735543)
Allegheny,08/03/2020,3,2.1,257,1216045,0.25,0.18,21.13,42003,-79.98619843,40.46735543,POINT (-79.98619843 40.46735543)
Allegheny,08/04/2020,1,2.3,258,1216045,0.08,0.19,21.22,42003,-79.98619843,40.46735543,POINT (-79.98619843 40.46735543)
Allegheny,10/02/2020,2,1,381,1216045,0.16,0.08,31.33,42003,-79.98619843,40.46735543,POINT (-79.98619843 40.46735543)
Allegheny,09/16/2020,1,1.6,366,1216045,0.08,0.13,30.1,42003,-79.98619843,40.46735543,POINT (-79.98619843 40.46735543)
Allegheny,10/04/2020,1,1.3,384,1216045,0.08,0.11,31.58,42003,-79.98619843,40.46735543,POINT (-79.98619843 40.46735543)
Allegheny,08/23/2020,3,2.3,321,1216045,0.25,0.19,26.4,42003,-79.98619843,40.46735543,POINT (-79.98619843 40.46735543)
Allegheny,06/15/2020,1,1,186,1216045,0.08,0.08,15.3,42003,-79.98619843,40.46735543,POINT (-79.98619843 40.46735543)
Allegheny,04/17/2020,6,4.4,60,1216045,0.49,0.36,4.93,42003,-79.98619843,40.46735543,POINT (-79.98619843 40.46735543)
Allegheny,07/14/2020,1,1.4,213,1216045,0.08,0.12,17.52,42003,-79.98619843,40.46735543,POINT (-79.98619843 40.46735543)
Allegheny,05/19/2020,1,1.7,164,1216045,0.08,0.14,13.49,42003,-79.98619843,40.46735543,POINT (-79.98619843 40.46735543)
Allegheny,07/19/2020,2,2,225,1216045,0.16,0.16,18.5,42003,-79.98619843,40.46735543,POINT (-79.98619843 40.46735543)
Allegheny,07/30/2020,1,2.6,246,1216045,0.08,0.21,20.23,42003,-79.98619843,40.46735543,POINT (-79.98619843 40.46735543)
Allegheny,09/18/2020,1,1.1,368,1216045,0.08,0.09,30.26,42003,-79.98619843,40.46735543,POINT (-79.98619843 40.46735543)
Allegheny,08/09/2020,4,3.4,278,1216045,0.33,0.28,22.86,42003,-79.98619843,40.46735543,POINT (-79.98619843 40.46735543)
Allegheny,09/27/2020,0,1,375,1216045,0,0.08,30.84,42003,-79.98619843,40.46735543,POINT (-79.98619843 40.46735543)
Allegheny,04/29/2020,6,3.9,114,1216045,0.49,0.32,9.37,42003,-79.98619843,40.46735543,POINT (-79.98619843 40.46735543)
Allegheny,09/04/2020,1,1.4,347,1216045,0.08,0.12,28.54,42003,-79.98619843,40.46735543,POINT (-79.98619843 40.46735543)
Allegheny,08/31/2020,2,2.4,341,1216045,0.16,0.2,28.04,42003,-79.98619843,40.46735543,POINT (-79.98619843 40.46735543)
Allegheny,09/26/2020,1,1,375,1216045,0.08,0.08,30.84,42003,-79.98619843,40.46735543,POINT (-79.98619843 40.46735543)
Allegheny,05/12/2020,3,2.9,152,1216045,0.25,0.23,12.5,42003,-79.98619843,40.46735543,POINT (-79.98619843 40.46735543)
Allegheny,06/23/2020,0,0.7,191,1216045,0,0.06,15.71,42003,-79.98619843,40.46735543,POINT (-79.98619843 40.46735543)
Allegheny,08/25/2020,3,2.7,327,1216045,0.25,0.22,26.89,42003,-79.98619843,40.46735543,POINT (-79.98619843 40.46735543)
Allegheny,09/15/2020,1,1.4,365,1216045,0.08,0.12,30.02,42003,-79.98619843,40.46735543,POINT (-79.98619843 40.46735543)
Allegheny,08/08/2020,3,3.1,274,1216045,0.25,0.26,22.53,42003,-79.98619843,40.46735543,POINT (-79.98619843 40.46735543)
Allegheny,05/10/2020,5,2.9,147,1216045,0.41,0.23,12.09,42003,-79.98619843,40.46735543,POINT (-79.98619843 40.46735543)
Allegheny,07/21/2020,0,1.7,225,1216045,0,0.14,18.5,42003,-79.98619843,40.46735543,POINT (-79.98619843 40.46735543)
Allegheny,05/09/2020,1,2.6,142,1216045,0.08,0.21,11.68,42003,-79.98619843,40.46735543,POINT (-79.98619843 40.46735543)
Allegheny,10/08/2020,3,2,393,1216045,0.25,0.16,32.32,42003,-79.98619843,40.46735543,POINT (-79.98619843 40.46735543)
Allegheny,09/13/2020,1,1.6,362,1216045,0.08,0.13,29.77,42003,-79.98619843,40.46735543,POINT (-79.98619843 40.46735543)
Allegheny,06/05/2020,0,0.7,179,1216045,0,0.06,14.72,42003,-79.98619843,40.46735543,POINT (-79.98619843 40.46735543)
Allegheny,08/26/2020,2,2.4,329,1216045,0.16,0.2,27.05,42003,-79.98619843,40.46735543,POINT (-79.98619843 40.46735543)
Allegheny,08/17/2020,2,3.7,307,1216045,0.16,0.31,25.25,42003,-79.98619843,40.46735543,POINT (-79.98619843 40.46735543)
Allegheny,05/27/2020,0,0.9,172,1216045,0,0.07,14.14,42003,-79.98619843,40.46735543,POINT (-79.98619843 40.46735543)
Allegheny,05/02/2020,5,3.7,124,1216045,0.41,0.31,10.2,42003,-79.98619843,40.46735543,POINT (-79.98619843 40.46735543)
Allegheny,08/24/2020,3,2.4,324,1216045,0.25,0.2,26.64,42003,-79.98619843,40.46735543,POINT (-79.98619843 40.46735543)
Allegheny,04/16/2020,2,4.6,54,1216045,0.16,0.38,4.44,42003,-79.98619843,40.46735543,POINT (-79.98619843 40.46735543)
Allegheny,06/10/2020,0,0.6,182,1216045,0,0.05,14.97,42003,-79.98619843,40.46735543,POINT (-79.98619843 40.46735543)
Allegheny,05/16/2020,1,3,163,1216045,0.08,0.25,13.4,42003,-79.98619843,40.46735543,POINT (-79.98619843 40.46735543)
Allegheny,04/24/2020,3,4.9,94,1216045,0.25,0.4,7.73,42003,-79.98619843,40.46735543,POINT (-79.98619843 40.46735543)
Allegheny,04/20/2020,8,4.9,77,1216045,0.66,0.4,6.33,42003,-79.98619843,40.46735543,POINT (-79.98619843 40.46735543)
Allegheny,08/28/2020,5,3.1,337,1216045,0.41,0.26,27.71,42003,-79.98619843,40.46735543,POINT (-79.98619843 40.46735543)
Allegheny,07/16/2020,3,1.6,218,1216045,0.25,0.13,17.93,42003,-79.98619843,40.46735543,POINT (-79.98619843 40.46735543)
Allegheny,07/12/2020,2,1.3,211,1216045,0.16,0.11,17.35,42003,-79.98619843,40.46735543,POINT (-79.98619843 40.46735543)
Allegheny,09/02/2020,1,2,343,1216045,0.08,0.16,28.21,42003,-79.98619843,40.46735543,POINT (-79.98619843 40.46735543)
Allegheny,09/14/2020,2,1.9,364,1216045,0.16,0.15,29.93,42003,-79.98619843,40.46735543,POINT (-79.98619843 40.46735543)
Allegheny,07/07/2020,1,1,203,1216045,0.08,0.08,16.69,42003,-79.98619843,40.46735543,POINT (-79.98619843 40.46735543)
Allegheny,04/13/2020,4,4.3,43,1216045,0.33,0.35,3.54,42003,-79.98619843,40.46735543,POINT (-79.98619843 40.46735543)
Allegheny,05/15/2020,2,3,162,1216045,0.16,0.25,13.32,42003,-79.98619843,40.46735543,POINT (-79.98619843 40.46735543)
Allegheny,09/08/2020,4,1.9,355,1216045,0.33,0.15,29.19,42003,-79.98619843,40.46735543,POINT (-79.98619843 40.46735543)
Allegheny,05/18/2020,0,2,163,1216045,0,0.16,13.4,42003,-79.98619843,40.46735543,POINT (-79.98619843 40.46735543)
Allegheny,08/07/2020,6,3,271,1216045,0.49,0.25,22.29,42003,-79.98619843,40.46735543,POINT (-79.98619843 40.46735543)
Allegheny,07/26/2020,5,2.1,240,1216045,0.41,0.18,19.74,42003,-79.98619843,40.46735543,POINT (-79.98619843 40.46735543)
Allegheny,04/26/2020,2,4.4,100,1216045,0.16,0.36,8.22,42003,-79.98619843,40.46735543,POINT (-79.98619843 40.46735543)
Allegheny,07/15/2020,2,1.6,215,1216045,0.16,0.13,17.68,42003,-79.98619843,40.46735543,POINT (-79.98619843 40.46735543)
Allegheny,06/24/2020,0,0.7,191,1216045,0,0.06,15.71,42003,-79.98619843,40.46735543,POINT (-79.98619843 40.46735543)
Allegheny,04/04/2020,0,0.7,6,1216045,0,0.06,0.49,42003,-79.98619843,40.46735543,POINT (-79.98619843 40.46735543)
Allegheny,09/29/2020,1,0.7,376,1216045,0.08,0.06,30.92,42003,-79.98619843,40.46735543,POINT (-79.98619843 40.46735543)
Allegheny,05/08/2020,3,3.1,141,1216045,0.25,0.26,11.59,42003,-79.98619843,40.46735543,POINT (-79.98619843 40.46735543)
Allegheny,10/01/2020,2,1,379,1216045,0.16,0.08,31.17,42003,-79.98619843,40.46735543,POINT (-79.98619843 40.46735543)
Allegheny,05/21/2020,2,1.1,168,1216045,0.16,0.09,13.82,42003,-79.98619843,40.46735543,POINT (-79.98619843 40.46735543)
Allegheny,06/07/2020,0,0.6,179,1216045,0,0.05,14.72,42003,-79.98619843,40.46735543,POINT (-79.98619843 40.46735543)
Allegheny,07/10/2020,1,1,208,1216045,0.08,0.08,17.1,42003,-79.98619843,40.46735543,POINT (-79.98619843 40.46735543)
Allegheny,09/01/2020,1,2.1,342,1216045,0.08,0.18,28.12,42003,-79.98619843,40.46735543,POINT (-79.98619843 40.46735543)
Allegheny,09/03/2020,3,2,346,1216045,0.25,0.16,28.45,42003,-79.98619843,40.46735543,POINT (-79.98619843 40.46735543)
Allegheny,08/02/2020,2,2,254,1216045,0.16,0.16,20.89,42003,-79.98619843,40.46735543,POINT (-79.98619843 40.46735543)
Allegheny,08/29/2020,2,3,339,1216045,0.16,0.25,27.88,42003,-79.98619843,40.46735543,POINT (-79.98619843 40.46735543)
Allegheny,09/21/2020,1,0.7,369,1216045,0.08,0.06,30.34,42003,-79.98619843,40.46735543,POINT (-79.98619843 40.46735543)
Allegheny,05/14/2020,4,3.1,160,1216045,0.33,0.26,13.16,42003,-79.98619843,40.46735543,POINT (-79.98619843 40.46735543)
Allegheny,05/29/2020,0,0.9,174,1216045,0,0.07,14.31,42003,-79.98619843,40.46735543,POINT (-79.98619843 40.46735543)
Allegheny,05/13/2020,4,3,156,1216045,0.33,0.25,12.83,42003,-79.98619843,40.46735543,POINT (-79.98619843 40.46735543)
Allegheny,05/04/2020,2,3.4,129,1216045,0.16,0.28,10.61,42003,-79.98619843,40.46735543,POINT (-79.98619843 40.46735543)
Allegheny,04/12/2020,4,4.1,39,1216045,0.33,0.34,3.21,42003,-79.98619843,40.46735543,POINT (-79.98619843 40.46735543)
Allegheny,10/06/2020,2,1.4,386,1216045,0.16,0.12,31.74,42003,-79.98619843,40.46735543,POINT (-79.98619843 40.46735543)
Allegheny,06/19/2020,0,0.7,188,1216045,0,0.06,15.46,42003,-79.98619843,40.46735543,POINT (-79.98619843 40.46735543)
Allegheny,11/17/2020,8,5,495,1216045,0.66,0.41,40.71,42003,-79.98619843,40.46735543,POINT (-79.98619843 40.46735543)
Allegheny,06/12/2020,0,0.6,183,1216045,0,0.05,15.05,42003,-79.98619843,40.46735543,POINT (-79.98619843 40.46735543)
Allegheny,07/11/2020,1,1.1,209,1216045,0.08,0.09,17.19,42003,-79.98619843,40.46735543,POINT (-79.98619843 40.46735543)
Allegheny,06/28/2020,1,0.9,196,1216045,0.08,0.07,16.12,42003,-79.98619843,40.46735543,POINT (-79.98619843 40.46735543)
Allegheny,07/29/2020,3,2.7,245,1216045,0.25,0.22,20.15,42003,-79.98619843,40.46735543,POINT (-79.98619843 40.46735543)
Allegheny,06/25/2020,0,0.4,191,1216045,0,0.04,15.71,42003,-79.98619843,40.46735543,POINT (-79.98619843 40.46735543)
Allegheny,10/05/2020,0,1.3,384,1216045,0,0.11,31.58,42003,-79.98619843,40.46735543,POINT (-79.98619843 40.46735543)
Allegheny,07/04/2020,0,0.9,201,1216045,0,0.07,16.53,42003,-79.98619843,40.46735543,POINT (-79.98619843 40.46735543)
Allegheny,07/03/2020,2,1.1,201,1216045,0.16,0.09,16.53,42003,-79.98619843,40.46735543,POINT (-79.98619843 40.46735543)
Allegheny,08/15/2020,3,4,302,1216045,0.25,0.33,24.83,42003,-79.98619843,40.46735543,POINT (-79.98619843 40.46735543)
Allegheny,09/17/2020,1,1.3,367,1216045,0.08,0.11,30.18,42003,-79.98619843,40.46735543,POINT (-79.98619843 40.46735543)
Allegheny,07/08/2020,1,0.9,204,1216045,0.08,0.07,16.78,42003,-79.98619843,40.46735543,POINT (-79.98619843 40.46735543)
Allegheny,09/24/2020,0,0.7,372,1216045,0,0.06,30.59,42003,-79.98619843,40.46735543,POINT (-79.98619843 40.46735543)
Allegheny,11/14/2020,6,3.6,480,1216045,0.49,0.29,39.47,42003,-79.98619843,40.46735543,POINT (-79.98619843 40.46735543)
Allegheny,07/20/2020,0,1.9,225,1216045,0,0.15,18.5,42003,-79.98619843,40.46735543,POINT (-79.98619843 40.46735543)
Allegheny,09/23/2020,1,0.9,372,1216045,0.08,0.07,30.59,42003,-79.98619843,40.46735543,POINT (-79.98619843 40.46735543)
Allegheny,06/11/2020,1,0.6,183,1216045,0.08,0.05,15.05,42003,-79.98619843,40.46735543,POINT (-79.98619843 40.46735543)
Allegheny,05/20/2020,2,1.4,166,1216045,0.16,0.12,13.65,42003,-79.98619843,40.46735543,POINT (-79.98619843 40.46735543)
Allegheny,06/14/2020,1,0.9,185,1216045,0.08,0.07,15.21,42003,-79.98619843,40.46735543,POINT (-79.98619843 40.46735543)
Allegheny,08/18/2020,1,3.4,308,1216045,0.08,0.28,25.33,42003,-79.98619843,40.46735543,POINT (-79.98619843 40.46735543)
Allegheny,08/30/2020,0,2.6,339,1216045,0,0.21,27.88,42003,-79.98619843,40.46735543,POINT (-79.98619843 40.46735543)
Allegheny,09/06/2020,2,1.7,351,1216045,0.16,0.14,28.86,42003,-79.98619843,40.46735543,POINT (-79.98619843 40.46735543)
Allegheny,05/26/2020,2,1.1,172,1216045,0.16,0.09,14.14,42003,-79.98619843,40.46735543,POINT (-79.98619843 40.46735543)
Allegheny,07/24/2020,1,1.4,229,1216045,0.08,0.12,18.83,42003,-79.98619843,40.46735543,POINT (-79.98619843 40.46735543)
Allegheny,07/09/2020,3,1.1,207,1216045,0.25,0.09,17.02,42003,-79.98619843,40.46735543,POINT (-79.98619843 40.46735543)
Allegheny,04/14/2020,4,4.6,47,1216045,0.33,0.38,3.86,42003,-79.98619843,40.46735543,POINT (-79.98619843 40.46735543)
Allegheny,05/01/2020,1,3.6,119,1216045,0.08,0.29,9.79,42003,-79.98619843,40.46735543,POINT (-79.98619843 40.46735543)
Allegheny,06/09/2020,3,0.7,182,1216045,0.25,0.06,14.97,42003,-79.98619843,40.46735543,POINT (-79.98619843 40.46735543)
Allegheny,09/11/2020,2,1.9,360,1216045,0.16,0.15,29.6,42003,-79.98619843,40.46735543,POINT (-79.98619843 40.46735543)
Allegheny,08/10/2020,3,3.4,281,1216045,0.25,0.28,23.11,42003,-79.98619843,40.46735543,POINT (-79.98619843 40.46735543)
Allegheny,10/30/2020,0,2,438,1216045,0,0.16,36.02,42003,-79.98619843,40.46735543,POINT (-79.98619843 40.46735543)
Allegheny,05/28/2020,2,0.9,174,1216045,0.16,0.07,14.31,42003,-79.98619843,40.46735543,POINT (-79.98619843 40.46735543)
Allegheny,09/20/2020,0,0.9,368,1216045,0,0.07,30.26,42003,-79.98619843,40.46735543,POINT (-79.98619843 40.46735543)
Allegheny,04/27/2020,5,4,105,1216045,0.41,0.33,8.63,42003,-79.98619843,40.46735543,POINT (-79.98619843 40.46735543)
Allegheny,08/20/2020,2,2.7,314,1216045,0.16,0.22,25.82,42003,-79.98619843,40.46735543,POINT (-79.98619843 40.46735543)
Allegheny,07/13/2020,1,1.4,212,1216045,0.08,0.12,17.43,42003,-79.98619843,40.46735543,POINT (-79.98619843 40.46735543)
Allegheny,09/09/2020,0,1.7,355,1216045,0,0.14,29.19,42003,-79.98619843,40.46735543,POINT (-79.98619843 40.46735543)
Allegheny,05/31/2020,1,0.9,175,1216045,0.08,0.07,14.39,42003,-79.98619843,40.46735543,POINT (-79.98619843 40.46735543)
Allegheny,07/06/2020,0,0.9,202,1216045,0,0.07,16.61,42003,-79.98619843,40.46735543,POINT (-79.98619843 40.46735543)
Allegheny,09/05/2020,2,1.4,349,1216045,0.16,0.12,28.7,42003,-79.98619843,40.46735543,POINT (-79.98619843 40.46735543)
Allegheny,07/01/2020,2,1,198,1216045,0.16,0.08,16.28,42003,-79.98619843,40.46735543,POINT (-79.98619843 40.46735543)
Allegheny,04/06/2020,3,1.7,13,1216045,0.25,0.14,1.07,42003,-79.98619843,40.46735543,POINT (-79.98619843 40.46735543)
Allegheny,06/02/2020,1,0.7,177,1216045,0.08,0.06,14.56,42003,-79.98619843,40.46735543,POINT (-79.98619843 40.46735543)
Allegheny,05/30/2020,0,0.9,174,1216045,0,0.07,14.31,42003,-79.98619843,40.46735543,POINT (-79.98619843 40.46735543)
Allegheny,05/03/2020,3,3.9,127,1216045,0.25,0.32,10.44,42003,-79.98619843,40.46735543,POINT (-79.98619843 40.46735543)
Allegheny,06/26/2020,2,0.7,193,1216045,0.16,0.06,15.87,42003,-79.98619843,40.46735543,POINT (-79.98619843 40.46735543)
Allegheny,07/25/2020,6,1.7,235,1216045,0.49,0.14,19.32,42003,-79.98619843,40.46735543,POINT (-79.98619843 40.46735543)
Allegheny,09/12/2020,1,1.7,361,1216045,0.08,0.14,29.69,42003,-79.98619843,40.46735543,POINT (-79.98619843 40.46735543)
Allegheny,05/05/2020,3,3.4,132,1216045,0.25,0.28,10.85,42003,-79.98619843,40.46735543,POINT (-79.98619843 40.46735543)
Allegheny,08/05/2020,4,2.4,262,1216045,0.33,0.2,21.55,42003,-79.98619843,40.46735543,POINT (-79.98619843 40.46735543)
Allegheny,08/11/2020,3,3.7,284,1216045,0.25,0.31,23.35,42003,-79.98619843,40.46735543,POINT (-79.98619843 40.46735543)
Allegheny,09/30/2020,1,0.7,377,1216045,0.08,0.06,31,42003,-79.98619843,40.46735543,POINT (-79.98619843 40.46735543)
Allegheny,11/11/2020,3,2.6,463,1216045,0.25,0.21,38.07,42003,-79.98619843,40.46735543,POINT (-79.98619843 40.46735543)
Allegheny,06/29/2020,0,0.7,196,1216045,0,0.06,16.12,42003,-79.98619843,40.46735543,POINT (-79.98619843 40.46735543)
Allegheny,06/27/2020,2,0.9,195,1216045,0.16,0.07,16.04,42003,-79.98619843,40.46735543,POINT (-79.98619843 40.46735543)
